--sIMPsphRI, 10, 20, "/m/01j3sz,/m/05tny_,/m/068hy,/m/07rgt08,/m/07s04w4,/m/09x0r,/m/0bt9lr,/m/0jbk"
-539StsfSbI, 80, 90, "/m/07s04w4,/m/09x0r"
-5Sj7EVDce0, 30, 40, "/m/07s04w4,/m/09x0r"
-91PdNFrijM, 50, 60, "/m/07s04w4"
-E7V7enQN88, 30, 40, "/m/07s04w4"
-Elrv1A-wmM, 80, 90, "/m/01j3sz,/m/02cz_7,/m/07s04w4,/m/09x0r"
-J-26OD2Qr0, 170, 180, "/m/01j3sz,/m/07s04w4,/m/09x0r"
-Jx_QdOJF0Q, 30, 40, "/m/07rgt08,/m/07s04w4,/m/09x0r"
-KosQ2rNFoA, 110, 120, "/m/01j3sz,/m/07s04w4,/m/09x0r"
-TIzY-XcCJ8, 570, 580, "/m/07s04w4,/m/09x0r"
-VKryMKMBtI, 30, 40, "/m/07rgt08,/m/07s04w4"
-VrBXIJDv00, 220, 230, "/m/02zsn,/m/07s04w4,/m/09x0r"
-W62FZ95BUw, 30, 40, "/m/07s04w4,/m/09x0r"
-YI4h25K0Gc, 30, 40, "/m/07s04w4,/m/09x0r"
-Ys-x44_RW4, 200, 210, "/m/07s04w4,/m/09x0r"
-anCRnXvjnY, 120, 130, "/m/07s04w4,/m/09x0r"
-c0P9j5Qcmw, 70, 80, "/m/07s04w4,/m/09x0r,/m/0bt9lr,/m/0jbk"
-cG6rOHxO2s, 140, 150, "/m/02p3nc,/m/07s04w4,/m/09x0r"
-hNuD6Upm04, 100, 110, "/m/04rlf,/m/07s04w4,/m/09x0r"
-hlEMlNWUPg, 30, 40, "/m/07rgt08,/m/07s04w4,/m/09x0r"
-pIltppUUkc, 30, 40, "/m/07s04w4,/m/09x0r"
-qVFkK8IIaM, 10, 20, "/m/01j3sz,/m/07s04w4,/m/09x0r"
-thD0vxyOlk, 150, 160, "/m/04rlf,/m/07s04w4,/m/09x0r"
-xpqqyipOOw, 30, 40, "/m/07s04w4,/m/09x0r"
-yC5MzMAJfU, 450, 460, "/m/07s04w4,/m/09x0r"
052KW_6olAM, 240, 250, "/m/07s04w4,/m/09x0r"
08MQGzE_aMQ, 120, 130, "/m/07s04w4,/m/09x0r"
0DPHC547TJ8, 16, 26, "/m/07rgt08,/m/07s04w4"
0HGkvIbT9Zs, 70, 80, "/m/07qlf79,/m/07s04w4,/m/09x0r"
0IpjEqzfvdY, 90, 100, "/m/04rlf,/m/07s04w4,/m/09x0r"
0LLsGZ2zrPU, 30, 40, "/m/04rlf,/m/07s04w4,/m/09x0r"
0Nd8NBZVOCw, 70, 80, "/m/01j3sz,/m/07s04w4,/m/09x0r"
0Xsny5M-hyE, 140, 150, "/m/07rgt08,/m/07s04w4,/m/09x0r,/m/0ytgt"
0Z-kmsxJL84, 30, 40, "/m/04rlf,/m/07s04w4"
0ZmBoEqAZBA, 30, 40, "/m/07s04w4,/m/09x0r"
0ZySBYLfDqk, 0, 10, "/m/07s04w4,/m/09x0r"
0_dhbCGDuio, 60, 70, "/m/07s04w4,/m/09x0r"
0ebxeHSNiIM, 50, 60, "/m/07s04w4,/m/0ytgt"
0gKWarc8e7E, 240, 250, "/m/04rlf,/m/07s04w4,/m/09x0r"
0mHQgwVYETI, 30, 40, "/m/07s04w4,/m/09x0r"
0oeoOHIR6zI, 40, 50, "/m/07s04w4"
0qcr7L4Fk18, 30, 40, "/m/04rlf,/m/07s04w4"
0rFU8ieaYc4, 40, 50, "/m/07s04w4"
1-RyXLlceEE, 20, 30, "/m/07s04w4,/m/09x0r"
12Au-be4Qrc, 30, 40, "/m/07s04w4,/m/09x0r"
16LLYIkdVL4, 0, 10, "/m/07s04w4,/m/09x0r,/m/0ytgt,/t/dd00013"
19uyW5r4LgI, 30, 40, "/m/04rlf,/m/07s04w4,/m/09x0r"
1AfMQBostTA, 30, 40, "/m/04rlf,/m/07s04w4,/m/09x0r"
1FoeNUWL_rE, 30, 40, "/m/07s04w4,/m/09x0r"
1HUSdyXpY5A, 30, 40, "/m/01j3sz,/m/07s04w4"
1IvrRzc5reY, 30, 40, "/m/07s04w4,/m/09x0r"
1JZe-d8yQmI, 540, 550, "/m/04rlf,/m/07rgt08,/m/07s04w4,/m/09x0r"
1KbnIhcNDew, 30, 40, "/m/07rgt08,/m/07s04w4,/m/09x0r"
1LuLC0vtEoI, 470, 480, "/m/04rlf,/m/07s04w4,/m/09x0r"
1N6TlECCr9Q, 140, 150, "/m/07s04w4"
1Q6VNmj4bwI, 20, 30, "/m/04rlf,/m/07s04w4,/m/09x0r"
1TA1MPcKjiY, 50, 60, "/m/07s04w4"
1TUMX0Xs-Qg, 30, 40, "/m/07s04w4"
1U9hGKaKi4Q, 30, 40, "/m/07rgt08,/m/07s04w4,/m/09x0r"
1XUei8C0jxA, 20, 30, "/m/01j3sz,/m/07r660_,/m/07s04w4,/m/0ytgt"
1_7YOJwx-xQ, 30, 40, "/m/04rlf,/m/07s04w4,/m/09x0r"
1jUG67J8eL0, 30, 40, "/m/01j3sz,/m/02lkt,/m/04rlf,/m/07s04w4,/m/08cyft"
1nV-9_4ny5I, 460, 470, "/m/01j3sz,/m/07s04w4,/m/09x0r"
1rxrpGmuMWQ, 30, 40, "/m/07s04w4,/m/09x0r"
1saCXsA5cQI, 30, 40, "/m/07s04w4"
1suEr5HK6nE, 280, 290, "/m/01j3sz,/m/07rgt08,/m/07s04w4,/m/09x0r"
1yOaHPaw60Q, 30, 40, "/m/07rgt08,/m/07s04w4,/m/09x0r"
1zlEPqKUTW4, 90, 100, "/m/01j3sz,/m/07s04w4,/m/09x0r"
206QtcS6r30, 30, 40, "/m/07s04w4,/m/09x0r"
23MWARtmBW4, 60, 70, "/m/04rlf,/m/07s04w4,/m/09x0r"
24Qn65Eliz0, 40, 50, "/m/07s04w4"
258KPM-Z1ck, 0, 10, "/m/07s04w4,/m/0ytgt"
281ByGwW91I, 80, 90, "/m/07s04w4,/m/07yv9,/m/0k4j"
28GbvtYmERQ, 30, 40, "/m/07s04w4"
2FRFK1djwP0, 30, 40, "/m/07rgt08,/m/07s04w4,/m/09x0r"
2FTZJlbOO7I, 30, 40, "/m/07s04w4,/m/09x0r"
2FexpXIrqGo, 80, 90, "/m/07s04w4"
2GYKJ0P05AE, 70, 80, "/m/07s04w4,/m/09x0r"
2JqAxsE_oyk, 30, 40, "/m/07rgt08,/m/07s04w4"
2LtYOJeiO9Y, 30, 40, "/m/04rlf,/m/07s04w4,/m/09x0r"
2MHujpwIl8c, 30, 40, "/m/07s04w4,/m/09x0r"
2MmZBxTlZIc, 330, 340, "/m/07s04w4,/m/09x0r"
2N5JNXBnsy0, 13, 23, "/m/04rlf,/m/07s04w4,/m/09x0r"
2RyEQrU9dJ4, 30, 40, "/m/07s04w4"
2S3GFog_tBI, 250, 260, "/m/07s04w4,/m/09x0r"
2XasgT15Pr8, 90, 100, "/m/07rgt08,/m/07s04w4,/m/09x0r,/t/dd00125"
2Xg4FBfwESY, 30, 40, "/m/07s04w4,/m/09x0r"
2ZgnpjUvIt0, 30, 40, "/m/01j3sz,/m/07s04w4,/m/07sq110"
2dEQXH6OoQo, 30, 40, "/m/04rlf,/m/07s04w4"
2l8IT6u15gw, 30, 40, "/m/07s04w4,/m/09x0r"
2okT4xdDOhA, 50, 60, "/m/07s04w4,/m/09x0r"
2p0Qerx4CXs, 10, 20, "/m/07rgt08,/m/07s04w4,/m/09x0r"
2sDFQiVB67I, 80, 90, "/m/07s04w4,/m/0ytgt"
2tTtEzViqHs, 30, 40, "/m/05zppz,/m/07s04w4,/m/09x0r"
2thZbFL5w64, 30, 40, "/m/04rlf,/m/07s04w4,/t/dd00001"
2xSicntHlXA, 30, 40, "/m/07s04w4"
2z6hyl9T4WY, 400, 410, "/m/04rlf,/m/07s04w4,/m/09x0r"
32IupWUtF3k, 30, 40, "/m/07rgt08,/m/07s04w4"
34D1MNCpEew, 0, 10, "/m/07s04w4,/m/09x0r"
34HlNzzQKFk, 0, 9, "/m/07rgt08,/m/07s04w4,/m/09x0r"
35nCBF__Iak, 160, 170, "/m/01j3sz,/m/07s04w4,/m/09x0r"
3CA8zrg5iYI, 40, 50, "/m/07s04w4,/m/09x0r"
3GxiKxuPxR8, 200, 210, "/m/01j3sz,/m/07s04w4,/m/09x0r"
3IbsuhsbHs8, 50, 60, "/m/07s04w4,/m/09x0r,/t/dd00126"
3KldvFTCpN4, 460, 470, "/m/01j3sz,/m/07s04w4,/m/09x0r"
3MICN2G6G24, 30, 40, "/m/07rgt08,/m/07s04w4,/m/09x0r"
3XsElhnz2RQ, 210, 220, "/m/01j3sz,/m/07s04w4,/m/09x0r"
3g_dTkcvik4, 90, 100, "/m/01j3sz,/m/07s04w4"
3gsIwq5gub4, 30, 40, "/m/07s04w4,/m/09x0r"
3iZ9ryZqMV0, 30, 40, "/m/07s04w4,/m/09x0r"
3jzi6I_GWXs, 240, 250, "/m/01j3sz,/m/07s04w4"
3kZLjbwT0v0, 360, 370, "/m/07s04w4"
3lbiGhKoDb8, 30, 40, "/m/07rgt08,/m/07s04w4,/m/09x0r"
3xDoHITRLwY, 10, 20, "/m/07s04w4,/m/09x0r"
3z1YsIBSVas, 130, 140, "/m/07s04w4,/m/09x0r,/m/0bt9lr,/m/0jbk"
3zd-tuNXtG0, 30, 40, "/m/07s04w4,/m/09x0r"
491FR7SBln8, 110, 120, "/m/07s04w4,/m/09x0r"
49YpG2ccFy8, 30, 40, "/m/07s04w4,/m/09x0r"
4DvkpKNgOco, 5, 15, "/m/04rlf,/m/07s04w4,/m/09x0r"
4GXaS2XzffY, 30, 40, "/m/07rgt08,/m/07s04w4,/m/09x0r"
4JRge1cJkvE, 30, 40, "/m/07rgt08,/m/07s04w4,/m/09x0r"
4LocIx9ISpE, 80, 90, "/m/07s04w4,/m/09x0r,/t/dd00125"
4NZuUjdUwbQ, 25, 35, "/m/04rlf,/m/07s04w4,/m/09x0r"
4SzOdfgpeVc, 90, 100, "/m/01j3sz,/m/07s04w4,/m/0l15bq"
4ToZJeTagB4, 30, 40, "/m/07rgt08,/m/07s04w4,/m/09x0r"
4VukdiKQ0fk, 30, 40, "/m/07s04w4"
4Y9ok_D4lTg, 110, 120, "/m/05148p4,/m/07s04w4"
4_E54ZsChl8, 6, 16, "/m/04rlf,/m/07s04w4,/m/09x0r"
4bGQYq44dE8, 30, 40, "/m/07s04w4,/m/09x0r"
4bkhAlgw-44, 30, 40, "/m/07rgt08,/m/07s04w4,/m/09x0r"
4fSzrI8gKp4, 200, 210, "/m/07s04w4,/m/09x0r"
4fdj50cmB2c, 120, 130, "/m/07s04w4,/m/09x0r"
4gfLeTZOmu8, 30, 40, "/m/07s04w4,/m/09x0r"
4kX7tJBZneQ, 30, 40, "/m/04rlf,/m/07s04w4,/m/09x0r"
4oliV6d_kN4, 470, 480, "/m/07rgt08,/m/07s04w4,/m/09x0r"
4pDEU96vJIk, 30, 40, "/m/07s04w4,/m/09x0r"
4pYjf_9uqbI, 30, 40, "/m/07rgt08,/m/07s04w4,/m/09x0r"
4ssujYf3hRU, 510, 520, "/m/018vs,/m/01j3sz,/m/0342h,/m/04rlf,/m/04szw,/m/07s04w4,/m/09x0r,/m/0fx80y"
4tdewYsm4Yg, 30, 40, "/m/07rgt08,/m/07s04w4,/m/09x0r"
4wQCkN1td88, 280, 290, "/m/07rgt08,/m/07s04w4,/m/09x0r,/t/dd00125"
4ymnL9Y1A9Y, 410, 420, "/m/07rgt08,/m/07s04w4,/m/09x0r"
50Zxh_9HGWQ, 0, 10, "/m/07s04w4,/m/09x0r,/t/dd00125"
53Dm50hfpC0, 80, 90, "/m/07s04w4,/m/09x0r"
53_hKHVguSI, 0, 10, "/m/07s04w4"
55JE3RkS84U, 30, 40, "/m/01j3sz,/m/07rgt08,/m/07s04w4,/m/07sq110"
55fiHaTdTPQ, 140, 150, "/m/01j3sz,/m/07s04w4"
57AHSePODB0, 30, 40, "/m/07s04w4,/m/09x0r"
5AFKEd8nSpg, 50, 60, "/m/07s04w4,/t/dd00125"
5I_0MPTj-54, 60, 70, "/m/07s04w4,/m/09x0r"
5KZriruZKXM, 13, 23, "/m/07s04w4"
5MdoLbvuOTs, 30, 40, "/m/07s04w4"
5OkrtSg9Xic, 30, 40, "/m/07s04w4,/m/09x0r"
5RgCgEaR3N0, 80, 90, "/m/01j3sz,/m/04rlf,/m/07s04w4"
5SpLHPSHCFE, 150, 160, "/m/07s04w4,/m/09x0r"
5Tj1ctwTjKM, 380, 390, "/m/07s04w4,/m/09x0r"
5Wmbg58Ff5g, 5, 15, "/m/04rlf,/m/07s04w4,/m/09x0r"
5Y1Fi6KWvYM, 30, 40, "/m/07s04w4,/m/09x0r"
5YisuEUQcqg, 120, 130, "/m/01j3sz,/m/03q5_w,/m/07s04w4,/m/09x0r"
5_ffqeL0ai0, 160, 170, "/m/01j3sz,/m/04rlf,/m/07rgt08,/m/07s04w4,/m/09x0r"
5eihlm59U4Q, 20, 30, "/m/04rlf,/m/07rgt08,/m/07s04w4,/m/09x0r"
5fCajR6hIi4, 10, 20, "/m/07s04w4"
5fE-mL6Mi-c, 170, 180, "/m/01hsr_,/m/01j3sz,/m/07s04w4,/m/09x0r"
5luPKoXN_fw, 130, 140, "/m/04rlf,/m/07s04w4,/m/09x0r"
5mWayneRmKs, 280, 290, "/m/07s04w4,/m/09x0r"
5ntm8rqelow, 250, 260, "/m/01j3sz,/m/07s04w4,/m/09x0r"
5wV4qbRzd3o, 130, 140, "/m/07s04w4,/m/09x0r"
5xRKMuFxpWI, 10, 20, "/m/07s04w4,/m/09x0r"
5xv2yapusaE, 130, 140, "/m/07rkbfh,/m/07s04w4,/m/09x0r,/t/dd00127"
5zPS511kUeE, 150, 160, "/m/07s04w4"
60I8VwOkzcg, 70, 80, "/m/03dnzn,/m/03qc9zr,/m/07s04w4,/m/09x0r"
60kHQqYDAT0, 0, 10, "/m/07s04w4,/m/0ytgt"
60o3Aua0rfc, 30, 40, "/m/07s04w4"
644BzNim6OE, 30, 40, "/m/04rlf,/m/07s04w4,/m/09x0r"
64fq9gR7kBg, 350, 360, "/m/07s04w4,/m/09x0r"
68OwOqwSR10, 290, 300, "/m/01j3sz,/m/07s04w4,/m/09x0r"
6A9QB5PMtRo, 100, 110, "/m/07s04w4,/m/09x0r"
6CGvfXbYoZU, 40, 50, "/m/01j3sz,/m/07s04w4,/m/09x0r,/m/0ytgt"
6FLE4Bbltj8, 180, 190, "/m/01j3sz,/m/07s04w4,/m/09x0r"
6PD-aHrl0ME, 60, 70, "/m/01j3sz,/m/07rgt08,/m/07s04w4"
6PtKePeUckM, 30, 40, "/m/07s04w4,/m/09x0r"
6RJouuybEek, 30, 40, "/m/07s04w4"
6RPPNVv02sg, 30, 40, "/m/04rlf,/m/07s04w4,/m/09x0r"
6VNRkBCMKtE, 30, 40, "/m/07s04w4,/m/09x0r"
6WV_2oJ6E0g, 30, 40, "/m/07rgt08,/m/07s04w4,/m/09x0r"
6ZCT9zb3ADY, 30, 40, "/m/04rlf,/m/07s04w4,/m/09x0r"
6ZjgQHkmT4s, 220, 230, "/m/04rlf,/m/07c52,/m/07s04w4,/m/09x0r"
6a-yJFAIo4I, 20, 30, "/m/07s04w4,/m/09x0r"
6ard26XK5BU, 580, 590, "/m/07s04w4,/m/09x0r"
6eDluoCnppk, 40, 50, "/m/07s04w4,/m/09x0r,/m/0lyf6"
6fseXgPy1hc, 30, 40, "/m/07s04w4"
6jj4IZl2eOs, 210, 220, "/m/01j3sz,/m/07s04w4"
6kKDPE4DtUI, 40, 50, "/m/07s04w4"
6lgD0QYHzoE, 1, 11, "/m/07rgt08,/m/07s04w4"
6n174MITcOk, 240, 250, "/m/04rlf,/m/07s04w4,/m/09x0r"
6q2jWwlwTqg, 30, 40, "/m/07s04w4"
6qvMfShwyu4, 320, 330, "/m/07s04w4,/m/09x0r"
6t11BO0cPFU, 30, 40, "/m/07s04w4,/m/09x0r"
6uFuG05rgoQ, 180, 190, "/m/07rgt08,/m/07s04w4,/m/09x0r"
6wmO3NhlAGI, 30, 40, "/m/07s04w4,/m/09x0r"
6xfMfFenKiM, 70, 80, "/m/07s04w4,/m/09x0r"
7-F0PIg6kww, 110, 120, "/m/07s04w4,/m/09x0r"
73O9qgU6sZo, 30, 40, "/m/07s04w4,/m/09x0r"
74-SoENTRxU, 7, 17, "/m/07s04w4"
7Eb3XG8qCEU, 60, 70, "/m/07s04w4,/m/0ytgt"
7HJuEQwYdfc, 13, 23, "/m/07s04w4,/m/09x0r"
7IMQeoLn8os, 30, 40, "/m/07s04w4,/m/09x0r"
7IeyX4xKGvI, 8, 18, "/m/07s04w4,/m/09x0r"
7JaLNgt7xjQ, 30, 40, "/m/07s04w4,/m/09x0r"
7LB-vrOkO7M, 30, 40, "/m/07s04w4,/m/09x0r"
7LGdOjHwfO8, 30, 40, "/m/07s04w4"
7M698v3jXC0, 30, 40, "/m/01j3sz,/m/07rgt08,/m/07s04w4,/m/09x0r,/m/0ytgt"
7OjT2Ux_Akg, 110, 120, "/m/07s04w4"
7P6STif3WqU, 30, 40, "/m/04rlf,/m/07s04w4,/m/09x0r"
7Pu_aq-R51s, 24, 34, "/m/07s04w4,/m/09x0r"
7RKWB-5Q4FE, 0, 6, "/m/07s04w4"
7WBOnZQoV_8, 6, 16, "/m/07s04w4"
7XCSZi0rS5E, 550, 560, "/m/01j3sz,/m/07s04w4,/m/07sq110,/m/09x0r,/t/dd00001"
7Yqd1d9QvGw, 30, 40, "/m/07s04w4,/m/09x0r"
7_ThQ3iOypo, 10, 20, "/m/07s04w4"
7a2brqQwE8U, 10, 20, "/m/07rgt08,/m/07s04w4,/m/09x0r"
7cQgkB5dilE, 80, 90, "/m/07rgt08,/m/07s04w4"
7dfRSeLmcPw, 30, 40, "/m/07s04w4,/m/09x0r"
7dpBqF_GopM, 0, 10, "/m/07s04w4,/m/09x0r"
7evpueTsoVs, 30, 40, "/m/01j3sz,/m/07s04w4,/m/09x0r"
7kRYwSWoY5Q, 0, 10, "/m/01j3sz,/m/04rlf,/m/07s04w4,/m/09x0r"
7kmF-_B80TY, 30, 40, "/m/07s04w4,/m/09x0r"
7qcSOTfG4qM, 60, 70, "/m/04rlf,/m/07s04w4,/m/0838f,/m/09x0r"
7t5GoWgCino, 30, 40, "/m/07s04w4,/m/09x0r"
7up2JGEUHy8, 430, 440, "/m/07s04w4,/m/09x0r"
7xI6rK0Siv4, 20, 30, "/m/04rlf,/m/07rgt08,/m/07s04w4,/m/09x0r"
7z7uQPQ-4dk, 20, 30, "/m/07s04w4,/m/09x0r"
80Edm2SBkjk, 30, 40, "/m/07s04w4,/m/09x0r"
861ra-O5BSk, 30, 40, "/m/07rgt08,/m/07s04w4,/m/09x0r"
86H_uSis3OI, 330, 340, "/m/07s04w4,/m/09x0r"
89pjcrMbjGo, 180, 190, "/m/04rlf,/m/07s04w4,/m/09x0r"
8AUSj84rIWM, 30, 40, "/m/07s04w4,/m/09x0r,/t/dd00001"
8C8bI5Tu90U, 110, 120, "/m/07s04w4"
8F35wbmARX0, 50, 60, "/m/07s04w4,/t/dd00125"
8GDB9y5DmCI, 190, 200, "/m/07s04w4,/m/09x0r"
8HlMslcO5wQ, 470, 480, "/m/01j3sz,/m/04rlf,/m/07s04w4,/m/09x0r,/t/dd00125"
8J8TidNt-do, 28, 38, "/m/04rlf,/m/07s04w4"
8M5vfwDcaiw, 70, 80, "/m/01j3sz,/m/07s04w4,/m/09x0r"
8MmTZYyl8gc, 80, 90, "/m/07rgt08,/m/07s04w4,/m/09x0r"
8QrrbzKHnIQ, 10, 20, "/m/07s04w4,/m/0ytgt"
8RqN6SgNH38, 0, 10, "/m/03fwl,/m/07s04w4,/m/0jbk"
8RwVt7QExtE, 290, 300, "/m/07s04w4,/m/09x0r,/t/dd00125"
8UEGlIOXfOc, 0, 6, "/m/07s04w4"
8YYeGsOzwQ0, 30, 40, "/m/01hsr_,/m/07rgt08,/m/07s04w4,/m/09x0r"
8_RicKDk5c0, 60, 70, "/m/07s04w4,/m/09x0r"
8a2pjP3XsgI, 40, 50, "/m/07s04w4,/m/09x0r,/m/0bt9lr,/m/0jbk"
8f1xOTxXI2w, 30, 40, "/m/07s04w4,/m/09x0r"
8iBH3PtNCng, 30, 40, "/m/04rlf,/m/07rgt08,/m/07s04w4"
8l0juy8qSFY, 120, 130, "/m/07s04w4,/m/09x0r"
8m0QeMehQxA, 30, 40, "/m/01j3sz,/m/07s04w4,/m/09x0r"
8mS3Pbr-kps, 0, 7, "/m/07rgt08,/m/07s04w4,/m/09x0r"
8qD5Jvi1otc, 20, 30, "/m/07rgt08,/m/07s04w4,/m/09x0r"
8rilNh4HGRo, 220, 230, "/m/01j3sz,/m/07s04w4,/m/09x0r"
8syEogeD3qk, 30, 40, "/m/05zppz,/m/07s04w4,/m/09x0r"
8xKv-vKtUjU, 60, 70, "/m/07s04w4,/m/09x0r,/t/dd00125"
93Ghyv_5gi8, 30, 40, "/m/07s04w4,/m/09x0r"
93OA8kdOUSo, 0, 3, "/m/07s04w4"
947pdJu3kVI, 110, 120, "/m/04rlf,/m/07rgt08,/m/07s04w4,/m/09x0r"
95rt5zM3mRg, 240, 250, "/m/07s04w4"
97L82GP65Ck, 30, 40, "/m/07rgt08,/m/07s04w4"
9GSlhdFftwo, 10, 20, "/m/07s04w4,/m/09x0r"
9GZIoZSnOXk, 480, 490, "/m/07rgt08,/m/07s04w4,/m/09x0r"
9J-2b4dpO14, 30, 40, "/m/01j3sz,/m/04rlf,/m/04szw,/m/07s04w4,/m/085jw,/m/0l14j_"
9JdA1f4501g, 80, 90, "/m/015lz1,/m/07s04w4"
9NBcTnTxLes, 30, 40, "/m/07rgt08,/m/07s04w4,/m/09x0r"
9NFH57i2Cos, 260, 270, "/m/01j3sz,/m/07s04w4,/m/09x0r"
9ObYgZi_Bjw, 110, 120, "/m/01j3sz,/m/07s04w4,/m/09x0r"
9SYQRRjoMKw, 140, 150, "/m/01j3sz,/m/07s04w4,/m/09x0r"
9U_tz-UT8Ds, 140, 150, "/m/07s04w4,/m/09x0r,/t/dd00125"
9Vu-XQpsqEw, 20, 30, "/m/07s04w4"
9Wvv3ZJL4VA, 30, 40, "/m/04rlf,/m/07s04w4,/m/09x0r"
9XfDzLDrlx0, 10, 20, "/m/07s04w4,/m/09x0r,/t/dd00125"
9Xl7XI6oR7c, 200, 210, "/m/07rgt08,/m/07s04w4,/m/09x0r"
9d-SlKQrBXc, 60, 70, "/m/04rlf,/m/05zppz,/m/07s04w4,/m/09x0r"
9hA6q19TCK0, 3, 13, "/m/07s04w4"
9hSHbM0u-9E, 30, 40, "/m/07s04w4"
9hpqMHYWeto, 30, 40, "/m/04rlf,/m/07s04w4"
9j4xH7IJbnA, 40, 50, "/m/04rlf,/m/07s04w4,/m/09x0r"
9kBvHiHHtoM, 0, 9, "/m/04rlf,/m/07rgt08,/m/07s04w4,/m/09x0r"
9vXv_WLzOV8, 30, 40, "/m/04rlf,/m/07s04w4"
9wk9MiZa_64, 210, 220, "/m/07s04w4,/m/09x0r"
9wpBmR-qS84, 30, 40, "/m/07s04w4,/m/09x0r"
A9YzN8Y8l0M, 90, 100, "/m/01j3sz,/m/07s04w4"
AB6V6uoYiGc, 30, 40, "/m/01j3sz,/m/07s04w4,/m/07sq110,/m/0ytgt"
ABoiV8Q5rPw, 20, 30, "/m/04rlf,/m/07s04w4,/m/09x0r"
AGceLbu6UsI, 30, 40, "/m/02_nn,/m/07s04w4,/m/07sq110,/m/0ytgt"
AJmhbEIH034, 2, 12, "/m/07s04w4,/m/09x0r"
AKSEs6FKnC4, 10, 20, "/m/07s04w4,/m/09x0r"
AQeTPIThMhs, 20, 30, "/m/07rgt08,/m/07s04w4,/m/09x0r"
ATmV_0G7CM8, 0, 7, "/m/07s04w4"
AYlZt1lsLvs, 30, 40, "/m/07s04w4,/m/09x0r"
AYrmD7VQxrk, 200, 210, "/m/01h8n0,/m/07s04w4,/m/09x0r"
AZAF42c0d90, 410, 420, "/m/01j3sz,/m/07s04w4,/m/07sq110,/m/09x0r"
AZhYzgQCagc, 50, 60, "/m/01j3sz,/m/07s04w4,/m/09x0r"
AblbdX8ULzc, 30, 40, "/m/01j3sz,/m/07s04w4,/m/0ytgt"
AePqEMUDNyY, 30, 40, "/m/07rgt08,/m/07s04w4,/m/09x0r"
Af0a85Rwktc, 30, 40, "/m/07s04w4"
Agob99cEFlA, 30, 40, "/m/01j3sz,/m/04rlf,/m/07rgt08,/m/07s04w4,/m/09x0r"
AjEuJ-PpmVE, 90, 100, "/m/07s04w4,/m/09x0r"
AnrfffrNd38, 20, 30, "/m/07s04w4,/m/09x0r"
AoWR0mPw6Ek, 500, 510, "/m/01j3sz,/m/07rgt08,/m/07s04w4,/m/09x0r"
AwELIV-EhXY, 50, 60, "/m/07s04w4,/m/09x0r"
AxmcohB4rB4, 90, 100, "/m/07s04w4,/m/09x0r"
Axpt1fGQiKE, 30, 40, "/m/01j3sz,/m/04rlf,/m/05r6t,/m/07s04w4,/m/09x0r"
AzRqzYeJD-M, 0, 10, "/m/07rgt08,/m/07s04w4,/m/09x0r"
B-s47tq8MH0, 30, 40, "/m/07rgt08,/m/07s04w4,/m/09x0r"
B1IuIhwC8wc, 0, 10, "/m/07rgt08,/m/07s04w4,/m/09x0r"
B66g50wR4AQ, 60, 70, "/m/068hy,/m/07s04w4,/m/09x0r,/m/0jbk"
B7Ur2HIrvXs, 30, 40, "/m/07s04w4"
B85cvlvtVeM, 0, 10, "/m/01j3sz,/m/0261r1,/m/0463cq4,/m/07rgt08,/m/07s04w4,/m/09x0r"
B8vrSSMLmtY, 0, 7, "/m/07rgt08,/m/07s04w4,/m/09x0r"
B9vmwTPLQm0, 50, 60, "/m/07s04w4"
BBfWLWxxUaA, 90, 100, "/m/01j3sz,/m/07s04w4,/m/09x0r"
BBsFJz0bzQM, 30, 40, "/m/0463cq4,/m/07s04w4,/m/09x0r"
BDp-Hlo89Qo, 110, 120, "/m/01j3sz,/m/07s04w4,/m/09x0r"
BEBcGGsE7v8, 120, 130, "/m/07s04w4,/m/09x0r"
BEKcyrRDW0o, 30, 40, "/m/07s04w4"
BI9zy-5gGLY, 30, 40, "/m/07rgt08,/m/07s04w4,/m/09x0r"
BMOiIVKCSyw, 280, 290, "/m/01j3sz,/m/07s04w4,/m/07sq110,/m/09x0r"
BNLTrXzlgpI, 30, 40, "/m/07rgt08,/m/07s04w4"
BPTayUs7eIo, 10, 20, "/m/01j3sz,/m/07s04w4"
BTOo592Zuv0, 220, 230, "/m/01j3sz,/m/07s04w4,/m/09x0r"
BWuHYp7dlbk, 30, 40, "/m/07s04w4"
BYJrlTPYYYs, 7, 17, "/m/07rgt08,/m/07s04w4,/m/09x0r"
B_48uj-xdw4, 40, 50, "/m/01j3sz,/m/04rlf,/m/07s04w4,/m/09x0r"
B_SryRe15GU, 30, 40, "/m/07s04w4"
B_gFrCiFG6g, 0, 10, "/m/04rlf,/m/07s04w4,/m/09x0r"
BjTapRhndyg, 30, 40, "/m/07s04w4,/m/09x0r"
BkeMc-bbF0c, 130, 140, "/m/01j3sz,/m/04rlf,/m/07s04w4,/m/09x0r"
BswWWPxbBaA, 360, 370, "/m/01j3sz,/m/05zppz,/m/07s04w4,/m/07sq110,/m/09x0r"
BucB22DWSk4, 110, 120, "/m/01j3sz,/m/07s04w4,/m/09x0r"
BzpwfeHZQZ0, 450, 460, "/m/07rgt08,/m/07s04w4,/m/09x0r"
C0UuTyF_eBQ, 390, 400, "/m/01j3sz,/m/07rgt08,/m/07s04w4"
C0Z1vpdajg0, 30, 40, "/m/01j3sz,/m/07rgt08,/m/07s04w4,/m/09x0r"
C4NHYcO9pHQ, 30, 40, "/m/07s04w4,/m/09x0r"
C6stse_AFpQ, 30, 40, "/m/07rgt08,/m/07s04w4,/m/09x0r"
C9NJKDIkWoU, 180, 190, "/m/07s04w4,/m/09x0r"
CAGVf9rh-FY, 30, 40, "/m/04rlf,/m/07s04w4"
CC8ZYGk63W0, 30, 40, "/m/01j3sz,/m/0261r1,/m/03qc9zr,/m/0463cq4,/m/07rgt08,/m/07s04w4,/m/0ytgt,/t/dd00125"
CCgms-GXN8o, 30, 40, "/m/07rgt08,/m/07s04w4,/m/09x0r"
CEmDoh7jaIg, 30, 40, "/m/07rgt08,/m/07s04w4,/m/09x0r"
CFSRV2U5MN4, 30, 40, "/m/07s04w4,/m/09x0r"
CGFjIOYwvmE, 30, 40, "/m/04rlf,/m/07s04w4,/m/09x0r"
CHidPgKcFfY, 170, 180, "/m/04rlf,/m/07rgt08,/m/07s04w4"
CJKMuRchtpM, 30, 40, "/m/07s04w4,/m/09x0r,/m/0ytgt"
CJOmdImid54, 70, 80, "/m/07s04w4,/m/09x0r"
CNTngroReLA, 30, 40, "/m/04rlf,/m/07s04w4"
CPIwovAzC2o, 170, 180, "/m/07s04w4,/m/09x0r"
CSwq3YmMwJg, 30, 40, "/m/07s04w4,/m/09x0r"
CSxsC9SciRA, 30, 40, "/m/07s04w4,/m/09x0r"
CTReePMybSQ, 320, 330, "/m/01j3sz,/m/02zsn,/m/07s04w4,/m/09x0r"
CXdvqD8RNlo, 30, 40, "/m/07s04w4,/m/09x0r"
CZHiQHnNH3Y, 30, 40, "/m/07s04w4,/m/09x0r"
CcvsM_mkD_0, 140, 150, "/m/07s04w4"
CfnG4jrhvbY, 420, 430, "/m/07s04w4,/m/09x0r"
Cixymy5Fp3k, 90, 100, "/m/07s04w4,/m/09x0r"
CqEssopmvX4, 20, 30, "/m/04rlf,/m/07s04w4,/m/09x0r"
CrRdzOyEpWQ, 1, 11, "/m/07s04w4"
CskcjAvzLmE, 30, 40, "/m/07rgt08,/m/07s04w4,/m/09x0r"
CutX9TbL5sM, 30, 40, "/m/07s04w4,/m/09x0r"
CwPLU531eTM, 30, 40, "/m/07s04w4,/m/09x0r"
CwcjDEoezFY, 7, 17, "/m/07s04w4"
CyHcfIABscw, 310, 320, "/m/07s04w4,/m/09x0r"
D1JoR_yBXD4, 30, 40, "/m/01hsr_,/m/07s04w4"
D2hXuUcagK8, 30, 40, "/m/04rlf,/m/07s04w4,/m/09x0r"
D3vEM8XtUX8, 110, 120, "/m/07s04w4,/m/0ytgt"
D4xyJgS5geE, 30, 40, "/m/07s04w4,/m/09x0r"
D5WoQRnUGqE, 80, 90, "/m/07rgt08,/m/07s04w4,/m/09x0r"
D7iw8GIqVEU, 450, 460, "/m/04rlf,/m/07s04w4,/m/09x0r"
DDoj17bOxps, 30, 40, "/m/07rgt08,/m/07s04w4,/m/09x0r"
DE4FIsTWkZY, 20, 30, "/m/07s04w4"
DIRkICyFmj8, 250, 260, "/m/07s04w4,/m/09x0r"
DLLWOFquoB0, 10, 20, "/m/01j3sz,/m/07rgt08,/m/07s04w4,/m/07sq110"
DO3W0TK3S3g, 310, 320, "/m/07s04w4,/m/09x0r"
DQkVLl4Mt4g, 70, 80, "/m/01j3sz,/m/07s04w4,/m/09x0r"
DSv2fzil2yM, 30, 40, "/m/0463cq4,/m/07c52,/m/07rgt08,/m/07s04w4,/m/09x0r"
DToYgw2Ajzo, 100, 110, "/m/07s04w4,/m/09x0r"
DU4ZGrOCb6E, 0, 9, "/m/07s04w4"
DYGpyR1NtGM, 17, 27, "/m/07s04w4,/m/09x0r"
DafV2zVZY8Y, 30, 40, "/m/04rlf,/m/07s04w4,/m/09x0r"
DbHZZt5lRy0, 30, 40, "/m/04rlf,/m/07rgt08,/m/07s04w4"
DeExpy1MA4E, 30, 40, "/m/07s04w4,/m/09x0r"
DhRPC9W1uTI, 30, 40, "/m/07s04w4,/m/09x0r"
DhiUcAWGiPw, 30, 40, "/m/07s04w4,/m/09x0r"
DiV7Z_THBpc, 540, 550, "/m/07rgt08,/m/07s04w4,/m/09x0r"
DjjNr4xQCN8, 30, 40, "/m/07s04w4,/m/09x0r"
DpN-RQABjS4, 30, 40, "/m/07s04w4"
DswMJUw-2WU, 50, 60, "/m/07s04w4,/m/09x0r"
Dv6lH1dOF2o, 17, 27, "/m/07s04w4,/m/09x0r"
Dwhw9pXLmsA, 30, 40, "/m/07rgt08,/m/07s04w4"
Dxhl3YQ0d7A, 30, 40, "/m/04rlf,/m/07rgt08,/m/07s04w4"
E30EprDLafY, 30, 40, "/m/04rlf,/m/07s04w4,/m/09x0r"
E41n9lyCScM, 180, 190, "/m/07rgt08,/m/07s04w4,/m/09x0r"
E8BGgE_1vUA, 20, 30, "/m/0463cq4,/m/07s04w4,/m/09x0r"
E9tji_ww718, 30, 40, "/m/07s04w4"
EGUWc9JKnsM, 30, 40, "/m/07rgt08,/m/07s04w4"
EKfeVV7ejzw, 30, 40, "/m/07s04w4,/m/09x0r"
ELJf73ZecBw, 0, 9, "/m/07rgt08,/m/07s04w4,/m/09x0r"
ELKYDw3QZGg, 30, 40, "/m/07rgt08,/m/07s04w4,/m/09x0r"
ELlMj15xx-s, 130, 140, "/m/07s04w4"
EMw8pNpJLlA, 30, 40, "/m/07rgt08,/m/07s04w4,/m/09x0r"
EOiCZAxcyVc, 30, 40, "/m/07rgt08,/m/07s04w4"
EOzdp31eHtc, 30, 40, "/m/07rgt08,/m/07s04w4,/m/09x0r"
ERmeYtPReYw, 120, 130, "/m/07s04w4,/m/09x0r"
ETOorNNFxFw, 3, 13, "/m/07rgt08,/m/07s04w4"
EVWmue2oLm0, 30, 40, "/m/015p6,/m/068hy,/m/07rgt08,/m/07s04w4,/m/09x0r,/m/0h0rv"
EVZI9XEWf5k, 180, 190, "/m/01j3sz,/m/07s04w4,/m/09x0r"
EZ4V8psvp20, 17, 27, "/m/07rgt08,/m/07s04w4,/m/09x0r"
EZ4WYKJcRGI, 30, 40, "/m/07s04w4,/m/09x0r"
E_D4bR24Pb8, 470, 480, "/m/07s04w4,/m/09x0r"
E_oNXScHTLM, 470, 480, "/m/07s04w4,/m/09x0r"
Eb98F1R3yjA, 50, 60, "/m/01j3sz,/m/07s04w4"
EdBBu8EFAg0, 30, 40, "/m/07rgt08,/m/07s04w4,/m/09x0r"
EdfezSZcvwY, 0, 10, "/m/068hy,/m/07qf0zm,/m/07s04w4,/m/0bt9lr,/m/0jbk"
Ee5_q7yrug0, 110, 120, "/m/07s04w4,/m/09x0r"
EgC648Jfu-Y, 50, 60, "/m/01j3sz,/m/07s04w4,/m/09x0r"
Eh0RtBNYFsg, 80, 90, "/m/07s04w4,/m/09x0r"
EqbiIhxg_Z4, 30, 40, "/m/07s04w4,/m/09x0r"
EslnRChklP8, 20, 30, "/m/01j3sz,/m/07s04w4"
Ew6Q4aRL4kg, 29, 39, "/m/07s04w4"
EwBIvb7DfuY, 180, 190, "/m/07s04w4,/m/09x0r"
EzmNilLZJ6M, 30, 40, "/m/04rlf,/m/07s04w4"
F-iolYqXVt0, 140, 150, "/m/02zsn,/m/04rlf,/m/07s04w4,/m/09x0r"
F9xJrOy2yMA, 40, 50, "/m/07s04w4,/m/09x0r"
FC9i2T9YIas, 140, 150, "/m/04rlf,/m/07s04w4"
FFD5DFPWlPc, 30, 40, "/m/07s04w4,/m/09x0r"
FFFjAWN9AQI, 180, 190, "/m/015lz1,/m/04rlf,/m/05zppz,/m/07s04w4,/m/09x0r"
FFPWQX9GlvQ, 30, 40, "/m/07rgt08,/m/07s04w4"
FHkt1s21eVA, 30, 40, "/m/07rgt08,/m/07s04w4"
FIhvC2t_8HU, 0, 10, "/m/07s04w4"
FJYgCT6OiYI, 110, 120, "/m/07s04w4,/m/09x0r"
FL_v2PhMd9Y, 30, 40, "/m/04rlf,/m/07rgt08,/m/07s04w4"
FOmVsNdtV4I, 10, 20, "/m/07s04w4,/m/09x0r"
FPUls_CzKEM, 30, 40, "/m/04rlf,/m/07s04w4,/m/09x0r"
FR7FDxAydrI, 30, 40, "/m/07rgt08,/m/07s04w4"
FRLV9WnpnuQ, 510, 520, "/m/01j3sz,/m/07rgt08,/m/07s04w4,/m/09x0r"
FTdjk9H7tpc, 0, 10, "/m/07s04w4"
FUrdx1km6Lw, 19, 29, "/m/07rgt08,/m/07s04w4,/m/09x0r,/t/dd00001"
FW73jCugpEQ, 440, 450, "/m/07s04w4,/m/07sq110,/m/0ytgt"
FbCVXEJicis, 0, 10, "/m/01j3sz,/m/07s04w4,/m/09x0r"
FegSMiE0-8o, 400, 410, "/m/015lz1,/m/04rlf,/m/064t9,/m/07s04w4"
FfK8iiFIAU0, 280, 290, "/m/01j3sz,/m/07s04w4,/m/09x0r"
Fg1B-cWiiLI, 60, 70, "/m/07s04w4,/m/09x0r"
FgKOQCcueIw, 30, 40, "/m/07s04w4"
Fj0DNuaNtcM, 0, 4, "/m/04rlf,/m/07rgt08,/m/07s04w4"
FoRDy8_pwXw, 30, 40, "/m/07s04w4,/m/09x0r,/m/0j6m2"
FqzeCJV0kyQ, 580, 590, "/m/07s04w4,/m/09x0r"
FsZLd9lJZ_8, 30, 40, "/m/07s04w4,/m/09x0r"
FwR49aslFxc, 300, 310, "/m/07s04w4,/m/09x0r"
G-kDNAz1vy0, 30, 40, "/m/07s04w4,/m/09x0r"
G8rsuleSs-Y, 7, 17, "/m/07rgt08,/m/07s04w4,/m/09x0r"
GANFi8h4Vbo, 1, 11, "/m/04rlf,/m/07rgt08,/m/07s04w4,/m/09x0r"
GAxwnOqkAnA, 30, 40, "/m/07s04w4"
GB2w3eSXuuo, 25, 35, "/m/07s04w4"
GB9BeLLwJVU, 0, 7, "/m/04rlf,/m/07s04w4"
GBfX-GJnQFQ, 30, 40, "/m/07s04w4"
GBrF03EvFdg, 220, 230, "/m/02zsn,/m/07s04w4,/m/09x0r"
GC7Q3hyFH9Q, 370, 380, "/m/07s04w4,/m/09x0r"
GFqMf1EK_GU, 480, 490, "/m/07s04w4,/m/07sq110"
GJU-WN_p1b4, 9, 19, "/m/07s04w4"
GLkvfd0h5Rk, 140, 150, "/m/04rlf,/m/07s04w4,/m/09x0r"
GMf18ghyXMY, 30, 40, "/m/07rgt08,/m/07s04w4,/m/09x0r"
GMy6xyuqlf4, 360, 370, "/m/02zsn,/m/04rlf,/m/07s04w4,/m/09x0r"
GO_5M0yTmtw, 300, 310, "/m/07rgt08,/m/07s04w4,/m/09x0r"
GSPloFp2F5w, 30, 40, "/m/07rgt08,/m/07s04w4,/m/09x0r"
GWW0crROtdg, 30, 40, "/m/04rlf,/m/07s04w4,/m/09x0r"
GZS-UcdFfw8, 380, 390, "/m/03qc9zr,/m/07s04w4"
G_tnM-GSd8E, 30, 40, "/m/07s04w4,/m/09x0r,/t/dd00125"
GeYaM_chYbc, 40, 50, "/m/07s04w4,/m/09x0r"
GfhvmCPHHjg, 250, 260, "/m/07s04w4,/m/09x0r"
GhP4Vy8Gqgs, 20, 30, "/m/07s04w4"
GhTp47zf9fk, 40, 50, "/m/07s04w4,/m/09x0r"
Gi9FEkxB5RM, 50, 60, "/m/01j3sz,/m/07s04w4,/m/09x0r"
GkmVuqkJTvA, 30, 40, "/m/07r660_,/m/07s04w4"
GlH1DUQdjRs, 70, 80, "/m/01j3sz,/m/07rgt08,/m/07s04w4,/m/09x0r"
GmqoiV_4iJw, 50, 60, "/m/07s04w4,/m/09x0r,/t/dd00125"
GnFmbK43kU4, 30, 40, "/m/04rlf,/m/07s04w4,/m/09x0r"
GtDYA6XMieE, 5, 15, "/m/07s04w4,/m/09x0r,/t/dd00001"
Gv8aTgbENvs, 19, 29, "/m/07rgt08,/m/07s04w4,/m/09x0r"
GxgsKJJQTZc, 400, 410, "/m/01j3sz,/m/07s04w4,/m/09x0r"
H-yfPgHsos0, 40, 50, "/m/07s04w4,/m/09x0r"
H6Oa_VPIhhk, 0, 10, "/m/01j3sz,/m/07s04w4,/m/09x0r"
H8qbI8RxLuk, 90, 100, "/m/01j3sz,/m/07rkbfh,/m/07s04w4,/m/09x0r"
HA3rPzgPVMI, 6, 16, "/m/07s04w4,/m/09x0r"
HAccleeGc6A, 30, 40, "/m/07rgt08,/m/07s04w4,/m/09x0r"
HAyih8lAKaY, 290, 300, "/m/07s04w4,/m/09x0r"
HDPYAY_FKog, 15, 25, "/m/04rlf,/m/07s04w4,/m/09x0r"
HHmyKe7pXd0, 50, 60, "/m/01j3sz,/m/02fxyj,/m/07s04w4,/m/09x0r"
HIERtqTpluI, 60, 70, "/m/07s04w4,/m/09x0r"
HJ2jFb0xU3k, 0, 10, "/m/07rgt08,/m/07s04w4,/m/09x0r"
HL6te-mR4ZM, 70, 80, "/m/07s04w4,/m/09x0r"
HLay8gvNJWI, 30, 40, "/m/07s04w4,/m/09x0r"
HM09kwJSbyk, 130, 140, "/m/07s04w4,/m/09x0r"
HM6ZGx9WB48, 0, 10, "/m/0463cq4,/m/07s04w4,/m/09x0r,/m/0ytgt"
HMsTq5faFQc, 30, 40, "/m/07s04w4,/m/09x0r"
HRUMdh_jkqc, 30, 40, "/m/07s04w4"
HSroGvRrDjA, 80, 90, "/m/07s04w4,/m/09x0r"
HT41_XzXQVE, 30, 40, "/m/07s04w4,/m/09x0r"
HTPSdnQ1kwY, 0, 4, "/m/07s04w4"
HToi3ETodGM, 140, 150, "/m/07s04w4,/m/09x0r"
HUXoJfwc3Dk, 110, 120, "/m/07s04w4,/m/09x0r"
HVF8a59C8w0, 30, 40, "/m/07rgt08,/m/07s04w4,/m/09x0r"
HXXDweXiqVs, 100, 110, "/m/01j3sz,/m/07rgt08,/m/07s04w4,/m/09x0r"
HghXlPghzR8, 22, 32, "/m/04rlf,/m/07s04w4"
Hglu_TgnaM8, 240, 250, "/m/07s04w4,/m/09x0r,/t/dd00125"
Hi20meNDg-0, 80, 90, "/m/07s04w4"
HlGHsjUC2lg, 30, 40, "/m/07s04w4,/t/dd00001"
Hs6ZwqM8qLk, 30, 40, "/m/01j3sz,/m/04rlf,/m/07s04w4,/m/07sq110"
HsYAvHORt7M, 30, 40, "/m/07s04w4,/t/dd00001"
Hv4G3il73fY, 70, 80, "/m/07s04w4,/m/09x0r,/t/dd00127"
I0bJE9AGEP4, 70, 80, "/m/04rlf,/m/07s04w4,/m/09x0r"
I0fBkG_X0qo, 30, 40, "/m/07s04w4,/m/09x0r"
I5gdJUaqVZk, 210, 220, "/m/04rlf,/m/07s04w4,/m/09x0r"
I6cuAocK6-c, 30, 40, "/m/04rlf,/m/07s04w4"
I6kwtevZJ3s, 0, 10, "/m/01j3sz,/m/07s04w4,/m/0ytgt"
I8OEau20VUw, 30, 40, "/m/04rlf,/m/07s04w4,/m/09x0r"
IDDEpnjgTyw, 30, 40, "/m/07rgt08,/m/07s04w4"
IFSnPoYR4ZM, 30, 40, "/m/07s04w4"
IGS8gcF0A0Y, 270, 280, "/m/07s04w4,/m/09x0r"
IIc1kF_a47I, 30, 40, "/m/04rlf,/m/07s04w4"
IOxozM3REV0, 30, 40, "/m/07s04w4,/m/09x0r"
IQFU4mrW6h8, 40, 50, "/m/07s04w4,/m/09x0r"
IRtdAKZPhSY, 560, 570, "/m/04rlf,/m/07s04w4"
ITvfU2G-IVo, 320, 330, "/m/07s04w4,/m/09x0r"
I_E5FmPkq-M, 430, 440, "/m/07s04w4,/m/0ytgt"
Icy8HeqnwKo, 30, 40, "/m/07s04w4,/m/09x0r,/t/dd00001"
IdJTmZvbnUo, 30, 40, "/m/07rgt08,/m/07s04w4,/m/09x0r"
IdzbwoCvzNo, 110, 120, "/m/04rlf,/m/07s04w4"
Il3zew2_4eE, 40, 50, "/m/01j3sz,/m/07rgt08,/m/07s04w4,/m/09x0r"
InCDjnUcROI, 30, 40, "/m/07rgt08,/m/07s04w4,/t/dd00001"
Iq9c4jaPFJg, 30, 40, "/m/07s04w4,/m/09x0r"
Ivg1geb_bv4, 30, 40, "/m/07rgt08,/m/07s04w4"
IyCI810sGLs, 360, 370, "/m/07s04w4,/m/09x0r"
IzwvTeUfnF8, 160, 170, "/m/07s04w4"
J0fzAY1oXUM, 40, 50, "/m/07s04w4"
J4rVDzgA99Q, 30, 40, "/m/07rgt08,/m/07s04w4"
J5erwKQ_bcg, 30, 40, "/m/07s04w4,/m/09x0r"
J94QUBTYnmI, 0, 10, "/m/01j3sz,/m/03fwl,/m/07s04w4,/m/09x0r,/m/0ch8v,/m/0jbk"
JBsin8hJecY, 30, 40, "/m/07rgt08,/m/07s04w4,/m/09x0r"
JEHVmqrfTao, 30, 40, "/m/07s04w4"
JI639bSF-_k, 30, 40, "/m/07s04w4"
JKWfm7QxjlI, 3, 13, "/m/07rgt08,/m/07s04w4,/m/09x0r"
JL8C0RadPzg, 30, 40, "/m/07rgt08,/m/07s04w4,/m/09x0r"
JMhQttdwPvo, 90, 100, "/m/07s04w4,/m/09x0r"
JNCnqz-tXBc, 0, 5, "/m/04rlf,/m/07s04w4"
JTYbGYSRRVg, 30, 40, "/m/07s04w4,/m/09x0r"
JWrGO7_Fy_A, 580, 590, "/m/07s04w4,/m/09x0r"
JXOoyZ_DxPU, 170, 180, "/m/07s04w4"
JXfvh-VFV0I, 100, 110, "/m/07s04w4,/m/09x0r"
JXkx4ZqA8rI, 30, 40, "/m/04rlf,/m/07s04w4,/m/09x0r"
Ja6hRMyteH4, 320, 330, "/m/07s04w4,/m/09x0r"
Jbh-W-NY5Yk, 100, 110, "/m/02zsn,/m/07s04w4,/m/09x0r"
JfIo1DxIc-w, 380, 390, "/m/0342h,/m/042v_gx,/m/04rlf,/m/04szw,/m/07s04w4,/m/09x0r,/m/0fx80y"
JkzmMfEoBJY, 90, 100, "/m/07s04w4,/m/09x0r"
JlrVud3z5XM, 160, 170, "/m/07s04w4,/m/09x0r"
JqomBzfTIkE, 120, 130, "/m/07s04w4"
JwL6rUzoe6Q, 30, 40, "/m/07rgt08,/m/07s04w4"
Jy8rnHgSNBg, 30, 40, "/m/04rlf,/m/07s04w4,/m/09x0r"
K9_jvU3WG90, 30, 40, "/m/07q0yl5,/m/07s04w4,/m/07s0dtb,/m/09x0r,/m/0lyf6"
KDQCtAwDKQY, 30, 40, "/m/07s04w4,/m/09x0r,/m/0l15bq"
KDUtwTpLJOU, 30, 40, "/m/07s04w4,/m/09x0r"
KGTL8rFxk_c, 0, 7, "/m/07rgt08,/m/07s04w4,/m/09x0r"
KHCXivC5zVw, 30, 40, "/m/07s04w4,/m/09x0r"
KI0OH-uCcxw, 140, 150, "/m/01j3sz,/m/07s04w4,/m/09x0r"
KI9ZvJT2CdM, 30, 40, "/m/04rlf,/m/07s04w4"
KJhk0LgrjeE, 30, 40, "/m/07rgt08,/m/07s04w4,/m/09x0r"
KMd_TBjGsGU, 160, 170, "/m/07s04w4,/m/09x0r"
KMrYYuwD5Gw, 100, 110, "/m/01j3sz,/m/07s04w4"
KTaQwOwCfuk, 30, 40, "/m/07s04w4,/m/09x0r"
KWCu6-A3Yl0, 30, 40, "/m/07s04w4,/m/09x0r"
KWGM0wUTvhc, 4, 14, "/m/04rlf,/m/07s04w4"
KX-MpcEvDoU, 17, 27, "/m/07s04w4"
KXyr8oLaEV8, 30, 40, "/m/01j3sz,/m/07s04w4,/m/09x0r"
KYV2nAPy7qA, 30, 40, "/m/07s04w4"
KZvdxCXpMcY, 30, 40, "/m/07rgt08,/m/07s04w4,/m/07sq110,/m/09x0r,/m/0ytgt,/t/dd00001"
KaFEguoHLKo, 30, 40, "/m/07s04w4,/m/09x0r"
KaM2zSXHHuc, 0, 10, "/m/0261r1,/m/07s04w4"
KaiwGew41iE, 30, 40, "/m/07s04w4"
KcPtruBDqmw, 30, 40, "/m/07rgt08,/m/07s04w4,/m/09x0r"
KcqUMinyOJY, 40, 50, "/m/01j3sz,/m/02zsn,/m/04rlf,/m/07s04w4,/m/09x0r"
KenV2bIQf1o, 30, 40, "/m/07rgt08,/m/07s04w4,/m/09x0r"
Kfb02irMwf0, 0, 6, "/m/07rgt08,/m/07s04w4,/m/09x0r"
Kfn57S0Guik, 30, 40, "/m/07s04w4,/m/09x0r"
KjoTYg6B6BU, 110, 120, "/m/07s04w4,/m/09x0r"
KmAuHfr1JqE, 30, 40, "/m/07s04w4,/m/09x0r,/t/dd00001"
KvCk1wsB9IA, 70, 80, "/m/03q5_w,/m/07rgt08,/m/07s04w4,/m/09x0r,/m/0ytgt"
KvHY_StVb1g, 30, 40, "/m/01j3sz,/m/07rgt08,/m/07s04w4,/m/09x0r"
KvjUbJ2YQOo, 13, 23, "/m/07s04w4,/m/09x0r"
Kx_nMyhR5IA, 18, 28, "/m/07s04w4,/m/09x0r"
L02XpHYig80, 10, 20, "/m/07s04w4"
LBKI87RmQQw, 2, 12, "/m/07s04w4"
LCRSOKQObj8, 10, 20, "/m/02zsn,/m/07s04w4,/m/09x0r"
LEFQsrszO2Q, 20, 30, "/m/04rlf,/m/07s04w4"
LLhyHAnGstI, 290, 300, "/m/07s04w4"
LLsKr1v6uE8, 30, 40, "/m/07rgt08,/m/07s04w4,/m/09x0r"
LMv-AyFAyKg, 40, 50, "/m/07s04w4,/m/0ytgt"
LN6oUo9EfuY, 140, 150, "/m/07rgt08,/m/07s04w4,/m/09x0r"
LOvz8P3OZ0s, 0, 10, "/m/07rgt08,/m/07s04w4,/m/09x0r"
LTHcFJdkiHQ, 30, 40, "/m/07rgt08,/m/07s04w4,/m/09x0r,/t/dd00001"
LUC1kXk9BbA, 30, 40, "/m/07rgt08,/m/07s04w4"
LWLZxsd7sJA, 30, 40, "/m/07s04w4"
LWXpVcS3JmQ, 30, 40, "/m/07rgt08,/m/07s04w4"
LYZrnKuvARU, 390, 400, "/m/01j3sz,/m/07s04w4,/m/09x0r"
L_B5gvtHrbc, 10, 20, "/m/07rgt08,/m/07s04w4,/m/09x0r"
L_ef3cFnySg, 80, 90, "/m/01hsr_,/m/07s04w4,/m/09x0r"
Lb30PEc6a70, 160, 170, "/m/07rgt08,/m/07s04w4,/m/09x0r"
Lfk2PVYzxlw, 210, 220, "/m/01j3sz,/m/07s04w4"
LhpHdLZwc48, 120, 130, "/m/01j3sz,/m/07s04w4,/m/09x0r"
Lhz-1v9k2qM, 530, 540, "/m/07s04w4,/m/09x0r"
Lis2MCI9Kho, 80, 90, "/m/05zppz,/m/07s04w4,/m/09x0r"
Lm_XL0MFae8, 0, 6, "/m/07s04w4,/m/09x0r"
LnrE-3XTGkk, 0, 5, "/m/07s04w4"
LopuqC456yg, 90, 100, "/m/01j3sz,/m/07rgt08,/m/07s04w4,/m/09x0r"
Lq-YHe9eJYo, 30, 40, "/m/07s04w4,/m/09x0r"
LuLIYG32k6Y, 30, 40, "/m/07s04w4,/m/09x0r"
Lv8lRIQWLtg, 20, 30, "/m/07s04w4,/m/09x0r"
Lv8wwTjOj1A, 18, 28, "/m/07rgt08,/m/07s04w4,/m/09x0r"
M0oOY3w5_lg, 40, 50, "/m/02p3nc,/m/07s04w4,/m/09x0r"
M39h4E2nBnY, 30, 40, "/m/07s04w4,/m/07sq110"
M3YgMJptipg, 10, 20, "/m/07s04w4,/m/09x0r"
M4pbljBEkDU, 60, 70, "/m/07s04w4,/m/09x0r"
M5ZRPPe34R0, 0, 4, "/m/07rgt08,/m/07s04w4"
M5uNy802KDI, 10, 20, "/m/01j3sz,/m/07s04w4,/m/09x0r"
M6Vp46CNO8M, 29, 39, "/m/07s04w4,/t/dd00001"
M9Rv_EEYRB0, 30, 40, "/m/07rgt08,/m/07s04w4,/m/09x0r"
MDEzW6vGD8g, 30, 40, "/m/07s04w4"
MEZlMwwhwZs, 10, 20, "/m/07s04w4,/m/09x0r"
MH_rjYwC9EA, 30, 40, "/m/07s04w4,/m/09x0r"
MJ0e5EiMEJk, 0, 10, "/m/04rlf,/m/07s04w4"
MKp6hF-Zd0M, 6, 16, "/m/04rlf,/m/07s04w4,/m/09x0r"
MOMqco6mO30, 30, 40, "/m/07s04w4"
MPIm7rCKVfM, 10, 20, "/m/07s04w4,/m/09x0r"
MQyTJci250Q, 440, 450, "/m/01j3sz,/m/07s04w4,/m/09x0r"
MRC171jaOXM, 40, 50, "/m/07s04w4"
MTR82-49Kvg, 110, 120, "/m/04rlf,/m/05r5c,/m/07s04w4,/m/09x0r"
MUbF4L04olc, 30, 40, "/m/07s04w4,/m/09x0r"
MXkqKt-o3Tk, 30, 40, "/m/07rgt08,/m/07s04w4,/m/09x0r"
MZeQ375nsRw, 170, 180, "/m/04rlf,/m/07s04w4,/m/09x0r"
MZxec2N1KhY, 30, 40, "/m/07rgt08,/m/07s04w4,/m/09x0r"
M_NtdY8i6To, 240, 250, "/m/07s04w4,/m/09x0r"
M_zwX9rk-hk, 30, 40, "/m/07rgt08,/m/07s04w4,/m/09x0r"
MaEMAZH6pHk, 200, 210, "/m/04rlf,/m/07s04w4,/m/09x0r"
MdXPRpM5g58, 1, 11, "/m/07s04w4"
MfL7bMequK0, 180, 190, "/m/01j3sz,/m/07s04w4,/m/09x0r"
MgJDtRcUD-M, 150, 160, "/m/07s04w4,/m/09x0r"
MiDA1e4t9pc, 30, 40, "/m/01j3sz,/m/07s04w4,/m/09x0r"
MmW6CyUNYeI, 50, 60, "/m/01j3sz,/m/07s04w4,/m/09x0r"
Mqa0Q33DPXc, 30, 40, "/m/04rlf,/m/07s04w4"
MxrJH8nPxEo, 160, 170, "/m/04rlf,/m/07s04w4"
Mz3mAT5ts2Q, 50, 60, "/m/01j3sz,/m/04rlf,/m/07s04w4,/m/09x0r"
N2X41zR6s2I, 13, 23, "/m/07s04w4"
N3MoNIHm_mg, 60, 70, "/m/04rlf,/m/07s04w4"
N66sy2cWajU, 200, 210, "/m/07s04w4,/m/09x0r"
N7ncGQbdn1s, 40, 50, "/m/07s04w4"
NAkgIjxP1aE, 30, 40, "/m/07s04w4,/m/09x0r"
NBhIRgO-WVg, 140, 150, "/m/07s04w4,/m/09x0r"
NKQPdGnLocU, 30, 40, "/m/04rlf,/m/07rgt08,/m/07s04w4"
NPn6c2LcMkQ, 30, 40, "/m/07s04w4,/t/dd00001"
NPxvrq3EcYI, 30, 40, "/m/07rgt08,/m/07s04w4,/m/09x0r"
NVGMsTCAyi0, 27, 37, "/m/07s04w4"
NWowOlPNlR4, 190, 200, "/m/01j3sz,/m/05zppz,/m/07s04w4,/m/09x0r"
NXVg3iJgsEs, 410, 420, "/m/07s04w4"
NYKOmFjfdcE, 30, 40, "/m/01j3sz,/m/07s04w4,/m/09x0r"
NaKZ0NuMlPU, 11, 21, "/m/07s04w4,/m/09x0r,/t/dd00001"
NeKWdYoZyIs, 60, 70, "/m/07s04w4,/m/09x0r"
NeP2FJ2Hxg4, 60, 70, "/m/07rgt08,/m/07s04w4,/m/09x0r"
Nef9XwAApvI, 10, 20, "/m/07s04w4"
NgfE35rauDM, 170, 180, "/m/04rlf,/m/07s04w4,/m/09x0r"
NkEhR12LUsM, 30, 40, "/m/07s04w4,/m/09x0r,/t/dd00001"
NmLqe8JNAdc, 30, 40, "/m/01j3sz,/m/04rlf,/m/07s04w4,/m/07sq110"
NmqrvLh0RdI, 350, 360, "/m/04rlf,/m/07s04w4,/m/09x0r"
NpN45QXymdE, 430, 440, "/m/07s04w4"
NryjtBZZIHs, 30, 40, "/m/01j3sz,/m/07rgt08,/m/07s04w4,/m/09x0r"
Nv_kI5eW-74, 20, 30, "/m/07s04w4"
NxT0Ek29kPM, 20, 30, "/m/02p3nc,/m/07s04w4,/m/09x0r"
O0iY3aqDfyc, 30, 40, "/m/07s04w4,/m/09x0r"
O1Nj5y7RGno, 19, 29, "/m/07s04w4,/m/09x0r"
O24JHcEUsKw, 10, 20, "/m/01j3sz,/m/07rgt08,/m/07s04w4,/m/09x0r"
O5jE_tnvzg0, 30, 40, "/m/07s04w4,/m/09x0r"
O6fdaA9AORE, 210, 220, "/m/04rlf,/m/07s04w4,/m/09x0r"
OAv8M6JffT0, 170, 180, "/m/01j3sz,/m/07rgt08,/m/07s04w4,/m/07sq110,/m/09x0r"
OPmLfYDig_Y, 10, 20, "/m/01j3sz,/m/07s04w4,/m/09x0r,/t/dd00125,/t/dd00126"
OPokbAu_lX0, 40, 50, "/m/01j3sz,/m/07s04w4,/m/09x0r"
OQ0GeTz9ImE, 0, 6, "/m/07s04w4,/m/09x0r"
OQMxNCUbmm4, 24, 34, "/m/07s04w4"
OTCqlm9dmtw, 30, 40, "/m/07rgt08,/m/07s04w4,/m/09x0r"
OVW2Fuo4NhU, 18, 28, "/m/07s04w4,/m/09x0r"
OW2PXiOSrzg, 270, 280, "/m/07s04w4"
OYBRz57_XuQ, 10, 20, "/m/07s04w4,/m/09x0r"
OZ7oisxYqjU, 80, 90, "/m/01j3sz,/m/07s04w4,/m/09x0r"
OZELqIk9xAE, 30, 40, "/m/07rgt08,/m/07s04w4,/m/09x0r"
O_sl0we80o8, 260, 270, "/m/07s04w4"
Oc3FjQzrDgQ, 450, 460, "/m/07s04w4,/m/09x0r"
OcvigLh1iEQ, 30, 40, "/m/04rlf,/m/07s04w4,/m/09x0r"
OglkgoJ7rDA, 370, 380, "/m/01j3sz,/m/07s04w4,/m/09x0r"
OhLShf7nCzk, 310, 320, "/m/01j3sz,/m/07s04w4,/m/09x0r"
OidRwhN8UWo, 30, 40, "/m/07s04w4,/m/09x0r"
OjtG5K4GkCU, 60, 70, "/m/07s04w4,/m/0ytgt"
OkA989YdFIg, 30, 40, "/m/07rgt08,/m/07s04w4,/m/09x0r"
OpA6yEK1oys, 270, 280, "/m/04rlf,/m/07s04w4,/m/09x0r"
OrA61gwCEJ4, 10, 20, "/m/01j3sz,/m/07rgt08,/m/07s04w4"
OtVnklZgn-o, 30, 40, "/m/01j3sz,/m/04rlf,/m/07s04w4,/m/09x0r"
P27IeUQuN9Y, 30, 40, "/m/04rlf,/m/07s04w4,/m/09x0r"
PKSzqOYAAsA, 2, 12, "/m/07s04w4"
PRmnMhjDRO0, 290, 300, "/m/07s04w4,/m/09x0r"
PUPO1fZFLNs, 40, 50, "/m/07s04w4,/m/09x0r"
PZ1jCV5xThk, 0, 7, "/m/07rgt08,/m/07s04w4,/m/09x0r,/t/dd00001"
Pe_GnwlsBz0, 170, 180, "/m/04rlf,/m/07s04w4,/m/09x0r"
PfJ45PwWSJw, 510, 520, "/m/07s04w4,/m/09x0r"
PgTHbXjI50U, 410, 420, "/m/01j3sz,/m/07s04w4,/m/09x0r"
PgiVYe0HbNg, 290, 300, "/m/01j3sz,/m/07rgt08,/m/07s04w4,/m/09x0r"
PhkP73URCBw, 30, 40, "/m/07s04w4,/m/09x0r"
PhsrNDVWKPM, 0, 10, "/m/01j3sz,/m/07s04w4,/m/09x0r,/m/0ytgt"
Ps7xVtPG1z8, 40, 50, "/m/07s04w4,/m/09x0r"
PszHbOIecQg, 30, 40, "/m/04rlf,/m/07rgt08,/m/07s04w4,/m/09x0r"
Ptt35YM25DU, 0, 10, "/m/01j3sz,/m/07s04w4"
Pv1IX-DbFD8, 30, 40, "/m/07rgt08,/m/07s04w4,/m/09x0r"
PwAvLC_U6mw, 30, 40, "/m/07rgt08,/m/07s04w4,/m/09x0r"
PxpyNu6CG98, 90, 100, "/m/02p3nc,/m/04rlf,/m/07s04w4,/m/09x0r"
PyDRvGF10jg, 30, 40, "/m/07rgt08,/m/07s04w4,/m/09x0r"
Pya4bQtBMlg, 100, 110, "/m/07s04w4,/m/09x0r"
PzCT7lAlJ7s, 290, 300, "/m/07s04w4,/m/09x0r"
Q-Jknah7mCk, 230, 240, "/m/07s04w4,/m/09x0r"
Q0p0RrVXZZ0, 30, 40, "/m/07s04w4,/m/09x0r"
Q1dde1cLvrI, 30, 40, "/m/07rgt08,/m/07s04w4,/m/09x0r"
Q2-pHvqq_BQ, 30, 40, "/m/07s04w4"
Q2bJV9GtLo0, 20, 30, "/m/07rgt08,/m/07s04w4,/m/09x0r"
Q3_nZxqMHvY, 410, 420, "/m/07s04w4,/m/09x0r"
Q4oADF7_E7E, 170, 180, "/m/01j3sz,/m/07s04w4,/m/09x0r,/m/0lyf6"
Q640MZX79dM, 160, 170, "/m/01j3sz,/m/07s04w4,/m/09x0r"
Q88PlhbAUjs, 60, 70, "/m/01j3sz,/m/07s04w4,/m/09x0r"
Q9EHrmN3F8k, 20, 30, "/m/07s04w4,/m/09x0r"
Q9Z4Tm45Oso, 30, 40, "/m/04rlf,/m/07s04w4"
Q9gjilgA4Gw, 0, 7, "/m/07s04w4,/m/09x0r"
QF8fX1I_dUo, 60, 70, "/m/01j3sz,/m/02zsn,/m/07s04w4,/m/09x0r"
QGakslBTwlw, 30, 40, "/m/07s04w4,/m/09x0r"
QJ7hHTYH1is, 30, 40, "/m/07rgt08,/m/07s04w4"
QLbqO2rOzVI, 570, 580, "/m/01j3sz,/m/03qc9zr,/m/07s04w4,/m/09x0r"
QMBYQP3qq5Y, 50, 60, "/m/07rgt08,/m/07s04w4,/m/09x0r"
QNSBlKYaqqE, 30, 40, "/m/04rlf,/m/07s04w4"
QRED5mDRE7A, 460, 470, "/m/07s04w4,/m/09x0r"
QSSc_owx5tQ, 30, 40, "/m/07rgt08,/m/07s04w4"
QTpB-CDakzY, 110, 120, "/m/04rlf,/m/07rgt08,/m/07s04w4,/m/09x0r"
QX172qpY_vs, 0, 10, "/m/07s04w4,/m/09x0r"
QZA792o2_ug, 200, 210, "/m/07s04w4"
QgC0of-lEiI, 30, 40, "/m/07s04w4,/m/09x0r"
QicVDfVRaUU, 30, 40, "/m/07rgt08,/m/07s04w4,/m/09x0r"
QimfgfGwS5Y, 30, 40, "/m/07s04w4,/m/09x0r"
QjEyEYDnEVk, 12, 22, "/m/07s04w4,/m/09x0r"
QlcjMEYl8sE, 30, 40, "/m/07rgt08,/m/07s04w4,/t/dd00001"
QnKPg_kDrqs, 260, 270, "/m/04rlf,/m/07s04w4,/m/09x0r"
QqH-Tw2_5yE, 30, 40, "/m/04rlf,/m/07rgt08,/m/07s04w4"
QrJ3q0Qa3zE, 30, 40, "/m/07s04w4,/m/09x0r,/t/dd00001"
QrLR52xulEE, 90, 100, "/m/01j3sz,/m/07s04w4,/m/09x0r"
QrwdKSxJIX4, 30, 40, "/m/07s04w4"
Qs0cgZOwYPw, 30, 40, "/m/07s04w4"
QuQCpfTW4_8, 190, 200, "/m/07s04w4"
QxzevgLLaMI, 510, 520, "/m/07rgt08,/m/07s04w4,/m/09x0r"
R0LmP3hfi4w, 580, 590, "/m/07s04w4,/m/09x0r,/t/dd00125"
R0R5PZAZX_8, 390, 400, "/m/07s04w4,/m/09x0r"
R1OCwrNoaF0, 30, 40, "/m/07s04w4"
R1UlJcLZR78, 90, 100, "/m/01j3sz,/m/07s04w4"
R3U_bjnVyHo, 30, 40, "/m/07rgt08,/m/07s04w4,/t/dd00001"
R5bZzPmtve4, 30, 40, "/m/07s04w4,/m/09x0r"
R5iucDgLH9A, 0, 5, "/m/07rgt08,/m/07s04w4"
R6o56hQv34Y, 0, 10, "/m/07s04w4,/m/09x0r"
RAoVqF2xch8, 30, 40, "/m/07s04w4,/m/09x0r"
RB78WSj1gYk, 30, 40, "/m/04rlf,/m/07s04w4,/m/09x0r"
RFkrLgZot1o, 30, 40, "/m/07s04w4,/m/09x0r"
RHpoAEWmnbw, 0, 10, "/m/07s04w4,/m/09x0r"
RLeF2krlYvE, 5, 15, "/m/04rlf,/m/07s04w4"
RMyI354P9Ho, 30, 40, "/m/07s04w4,/m/09x0r"
RPeOYbJ9tiA, 40, 50, "/m/07s04w4"
RPrR8PraKfU, 70, 80, "/m/04rlf,/m/07s04w4,/m/09x0r"
RTPvz6DEWXc, 21, 31, "/m/07rgt08,/m/07s04w4"
RVncJlX4m98, 30, 40, "/m/0463cq4,/m/07s04w4,/m/09x0r,/t/dd00125"
RZOU58MQ290, 70, 80, "/m/07s04w4,/m/09x0r"
RbVtm-unojc, 0, 5, "/m/07rgt08,/m/07s04w4"
Rfv4A38BkcY, 18, 28, "/m/07rgt08,/m/07s04w4,/m/09x0r"
RgMLJA6lw2Q, 30, 40, "/m/07s04w4"
RmGGiQMURcQ, 22, 32, "/m/07rgt08,/m/07s04w4,/m/09x0r"
RnfqI6u-4ew, 40, 50, "/m/07s04w4"
RpeoG2lyDh0, 20, 30, "/m/07s04w4,/m/09x0r"
Rq_TW5Im1Z8, 0, 10, "/m/04rlf,/m/07s04w4,/m/09x0r,/m/0ytgt"
RrgnQDX2EoY, 30, 40, "/m/07s04w4,/m/09x0r"
RuYVUFUtOzA, 30, 40, "/m/07rgt08,/m/07s04w4,/m/09x0r"
Ryq7_vQF5GY, 40, 50, "/m/07s04w4,/m/09x0r"
S-VnKxw141g, 340, 350, "/m/02zsn,/m/07s04w4,/m/09x0r"
S28xq4rMTZc, 90, 100, "/m/07s04w4,/m/09x0r"
S3U19wo6yn4, 30, 40, "/m/04rlf,/m/07s04w4"
S4EajoETOmw, 30, 40, "/m/07s04w4,/m/09x0r"
S5gN7-lqeyg, 390, 400, "/m/04rlf,/m/07s04w4,/m/09x0r"
S7sNGSmzBIc, 30, 40, "/m/0463cq4,/m/07s04w4,/m/09x0r,/m/0ytgt"
SCV6o1mfDOY, 40, 50, "/m/07rgt08,/m/07s04w4,/m/09x0r"
SDCtdj5ETAc, 30, 40, "/m/07s04w4,/m/09x0r"
SDqm9ZGu2ak, 370, 380, "/m/07s04w4,/m/09x0r"
SG3UEJYa298, 110, 120, "/m/01j3sz,/m/07s04w4,/m/09x0r"
SHeIAJceMbk, 120, 130, "/m/07s04w4,/m/09x0r"
SIbATxTsywM, 30, 40, "/m/04rlf,/m/07s04w4,/m/09x0r"
SKbw-7f7msw, 300, 310, "/m/07s04w4,/m/09x0r,/t/dd00126"
SSvJ1oAHir8, 30, 40, "/m/07s04w4,/m/09x0r"
SUtxh_mEK1M, 10, 20, "/m/01j3sz,/m/07s04w4,/m/09x0r,/t/dd00125"
SXDhhA-3bwE, 70, 80, "/m/07s04w4,/m/09x0r"
SZH20BE05SE, 150, 160, "/m/07s04w4,/m/09x0r"
S_E3v0UGo64, 30, 40, "/m/07rgt08,/m/07s04w4,/m/09x0r"
Sc4_3B0mvO0, 30, 40, "/m/07s04w4,/m/09x0r"
SdgRjRISDy4, 30, 40, "/m/01j3sz,/m/07s04w4,/m/07sq110,/m/09x0r,/m/0lyf6"
SdqTDhMCMC8, 0, 10, "/m/07s04w4,/m/09x0r"
SdyZLBu8maA, 280, 290, "/m/07s04w4,/m/09x0r"
SeKRdwKXojE, 390, 400, "/m/07s04w4,/m/09x0r"
SfTbZnhkrbU, 40, 50, "/m/07s04w4,/m/09x0r"
SjZA19cwtR4, 440, 450, "/m/07s04w4,/m/09x0r"
SlymBkGzO-4, 30, 40, "/m/07s04w4,/m/09x0r"
SsmYP9CsGCA, 280, 290, "/m/04rlf,/m/07s04w4,/m/09x0r"
StlA0hfJCqM, 10, 20, "/m/07rkbfh,/m/07s04w4,/m/07sq110"
Su0Jc4apaTs, 10, 20, "/m/07s04w4"
Su5CjXm7M3c, 30, 40, "/m/07rgt08,/m/07s04w4,/m/09x0r"
SuHiI-nCkZU, 17, 27, "/m/07rgt08,/m/07s04w4,/m/09x0r,/t/dd00001"
SyZJuAtKOQI, 30, 40, "/m/07rgt08,/m/07s04w4,/m/09x0r"
Syt00amhcQI, 60, 70, "/m/01j3sz,/m/07s04w4,/m/09x0r"
Sz2Y2f3ZYIs, 19, 29, "/m/07rgt08,/m/07s04w4"
T0fJu2ap-Ek, 160, 170, "/m/07s04w4"
T17pHCADatE, 30, 40, "/m/07s04w4,/m/09x0r"
T4-2PiSghXc, 420, 430, "/m/07s04w4,/m/09x0r"
T422mXcNMcg, 120, 130, "/m/01j3sz,/m/07s04w4"
T5OlvkbGerM, 30, 40, "/m/07s04w4,/m/09x0r"
T5tTQXhoWYg, 30, 40, "/m/07s04w4,/m/09x0r"
T6tIf8ZWSFc, 6, 16, "/m/07s04w4,/m/09x0r"
T80i9B4OanY, 20, 30, "/m/07s04w4,/m/09x0r"
T84Fv8-5Kbw, 30, 40, "/m/07s04w4,/m/09x0r"
T89y6lwH1Zg, 30, 40, "/m/04rlf,/m/07rgt08,/m/07s04w4,/m/09x0r,/t/dd00001"
T8USxKq7Adk, 0, 10, "/m/07s04w4"
T8sKpQ7dlUg, 360, 370, "/m/07s04w4"
TD7IatAF7a4, 30, 40, "/m/04rlf,/m/07s04w4"
TFLsQRaXe6o, 410, 420, "/m/07s04w4"
TFp4k1n_QfQ, 30, 40, "/m/07s04w4,/m/09x0r"
TGOxDNLw03U, 70, 80, "/m/015lz1,/m/07s04w4"
TIX77_ZSboY, 120, 130, "/m/01j3sz,/m/07rgt08,/m/07s04w4"
TJ-UL0XIT6I, 80, 90, "/m/04rlf,/m/07s04w4,/m/09x0r,/t/dd00125"
TQMQvgurnRw, 30, 40, "/m/07rgt08,/m/07s04w4,/m/09x0r"
TU5TcTLoF-M, 50, 60, "/m/01j3sz,/m/07s04w4,/m/09x0r"
TUXcjdO49lE, 490, 500, "/m/07s04w4,/m/09x0r"
TUwKKG66Wjk, 20, 30, "/m/07s04w4,/m/09x0r"
TWXTQWx3q-s, 40, 50, "/m/01j3sz,/m/07rgt08,/m/07s04w4,/m/09x0r"
TXQ2v3PkRQQ, 270, 280, "/m/01j3sz,/m/07s04w4,/m/09x0r,/t/dd00125"
Tbeeql0Y59k, 30, 40, "/m/07rgt08,/m/07s04w4,/m/09x0r"
TnBS-4NLJpQ, 30, 40, "/m/07s04w4,/m/09x0r"
TpRab34hFKM, 10, 20, "/m/01j3sz,/m/07s04w4,/m/09x0r,/t/dd00001"
TsWp4xF5JyU, 40, 50, "/m/07s04w4,/m/09x0r"
TvQOZA4O5Uc, 30, 40, "/m/07s04w4,/m/09x0r"
TyF5_EVsXZo, 23, 33, "/m/07s04w4,/m/09x0r"
U0TFU5tCRS0, 270, 280, "/m/07s04w4,/m/09x0r"
U2I-8SvSiyc, 30, 40, "/m/01j3sz,/m/07s04w4,/m/09x0r"
U39jB1zxoUA, 20, 30, "/m/07s04w4,/m/09x0r"
U44bT7LuPpk, 30, 40, "/m/07qnq_y,/m/07s04w4,/m/09x0r"
U6gBe8rVT2w, 50, 60, "/m/01j3sz,/m/07s04w4,/m/09x0r"
UAFdn6RIRco, 30, 40, "/m/07s04w4,/m/09x0r"
UBmMC8ie3Qk, 60, 70, "/m/01j3sz,/m/07s04w4,/m/09x0r"
UHmVcOVMeAw, 90, 100, "/m/01j3sz,/m/07s04w4"
UI-6BCMzpgM, 0, 10, "/m/07s04w4,/m/09x0r"
UJgSwuF8Gxs, 70, 80, "/m/07s04w4,/m/09x0r"
UKrU9zLecnk, 310, 320, "/m/07s04w4"
ULszRXi2VYY, 30, 40, "/m/04rlf,/m/07s04w4,/m/09x0r"
ULveO_DXRZU, 30, 40, "/m/07s04w4,/m/09x0r"
UOU4cKsIr74, 30, 40, "/m/04rlf,/m/07s04w4"
UQyMhfLrg5M, 210, 220, "/m/07s04w4,/m/09x0r"
URXxZgwgqq8, 190, 200, "/m/07s04w4,/m/09x0r"
UTI91r6N1JQ, 100, 110, "/m/07s04w4,/m/09x0r"
UX02p1UGbRc, 360, 370, "/m/01j3sz,/m/04rlf,/m/07s04w4,/m/09x0r"
UdeaxjtefbQ, 30, 40, "/m/07s04w4,/m/09x0r,/t/dd00001"
UiuytqJrQTY, 30, 40, "/m/07s04w4,/m/09x0r"
Ujy8TOYFqb4, 0, 7, "/m/07rgt08,/m/07s04w4"
Uk7MdKMfypM, 30, 40, "/m/07s04w4"
UnNlNkRC__Y, 200, 210, "/m/07s04w4,/m/09x0r,/t/dd00126"
UnhgiJtJo2I, 0, 7, "/m/07s04w4,/m/09x0r"
UnsVEwApOTY, 310, 320, "/m/07s04w4,/m/09x0r"
UoQWLhSsV6E, 30, 40, "/m/07s04w4,/m/09x0r"
UqpgzTeqZUU, 450, 460, "/m/07rgt08,/m/07s04w4,/m/09x0r"
UrcYNZInSdo, 180, 190, "/m/04rlf,/m/07rgt08,/m/07s04w4,/m/09x0r"
UsYQwxgUTdI, 170, 180, "/m/07rgt08,/m/07s04w4,/m/09x0r"
UszBuvZ00cw, 20, 30, "/m/07s04w4"
UwX3KLdukAk, 0, 10, "/m/07s04w4,/m/09x0r"
V-ZbY0SL2XI, 40, 50, "/m/07s04w4,/m/09x0r"
V0JWJOp2u2Q, 30, 40, "/m/07rgt08,/m/07s04w4,/m/09x0r"
V4icJSUGeYM, 30, 40, "/m/07rgt08,/m/07s04w4,/m/09x0r"
V4xRmBskH74, 30, 40, "/m/01j3sz,/m/07s04w4,/m/09x0r"
V9rQVymKjs8, 170, 180, "/m/01j3sz,/m/07ryjzk,/m/07s04w4"
V9zabYjWR4w, 90, 100, "/m/07s04w4,/m/09x0r"
VAQjCYnjeS4, 30, 40, "/m/07s04w4,/m/09x0r"
VCPACYIYqbI, 30, 40, "/m/07rgt08,/m/07s04w4,/m/09x0r"
VD6EIgE_-e0, 30, 40, "/m/07s04w4,/m/09x0r"
VGoKu23DoJI, 70, 80, "/m/01j3sz,/m/05zppz,/m/07s04w4,/m/09x0r"
VNgDjUKXD98, 30, 40, "/m/07rgt08,/m/07s04w4,/m/09x0r"
VODsvTur3Po, 50, 60, "/m/07rgt08,/m/07s04w4,/m/09x0r"
VQqzGx_O0Mk, 30, 40, "/m/07s04w4,/m/09x0r"
VR4a4BoQBuE, 30, 40, "/m/04rlf,/m/07s04w4,/m/09x0r"
VSmGIlGB92s, 30, 40, "/m/04rlf,/m/07s04w4,/m/09x0r"
VUdskIDRKFo, 30, 40, "/m/07rgt08,/m/07s04w4,/m/09x0r"
VYfk9AY59dE, 30, 40, "/m/07rgt08,/m/07s04w4,/m/09x0r"
VapIG1lkFD4, 0, 10, "/m/01j3sz,/m/07s04w4,/m/09x0r"
VcyyTUgZ2fQ, 110, 120, "/m/01j3sz,/m/02zsn,/m/03dnzn,/m/07rgt08,/m/07s04w4,/m/09x0r"
Vh20ApQ-fe8, 10, 20, "/m/0342h,/m/04rlf,/m/07s04w4,/m/09x0r"
Vizyl2uSrIA, 30, 40, "/m/04rlf,/m/07s04w4,/m/09x0r"
VlcIVj-ajQk, 20, 30, "/m/07s04w4,/m/09x0r"
VllC8RQxqSM, 20, 30, "/m/01j3sz,/m/07s04w4,/m/09x0r"
VnN0GVcFD6I, 280, 290, "/m/04rlf,/m/07s04w4,/m/09x0r"
Vo2NRJ_sdXg, 30, 40, "/m/028ght,/m/05zppz,/m/07s04w4,/m/09x0r"
VpE1iWOWL9o, 30, 40, "/m/07rgt08,/m/07s04w4,/m/09x0r"
Vq9FR-KNXw8, 30, 40, "/m/07s04w4,/m/09x0r"
Vs0_aAL58Kw, 120, 130, "/m/07s04w4,/m/09x0r"
VsP12Ft9taQ, 30, 40, "/m/02p3nc,/m/07s04w4,/m/09x0r"
VtveMj9D-18, 30, 40, "/m/07s04w4,/m/09x0r"
Vy4WynRQptE, 30, 40, "/m/07s04w4,/m/09x0r"
Vy8moFz2kSI, 30, 40, "/m/07s04w4"
W1bXMGZ-akM, 60, 70, "/m/07s04w4,/m/09x0r"
W1y5mKxQg0I, 30, 40, "/m/07s04w4"
WBOqGIqUwGg, 90, 100, "/m/07s04w4"
WCYVvp7GRlU, 30, 40, "/m/07s04w4"
WCd9EP-oxOo, 50, 60, "/m/01j3sz,/m/07rgt08,/m/07s04w4"
WD4acQrRP4Q, 350, 360, "/m/01j3sz,/m/07s04w4,/m/09x0r"
WDOV4Oziof8, 10, 20, "/m/07s04w4"
WF_rbq7dyps, 28, 38, "/m/07s04w4,/m/09x0r"
WISpvd-qI_I, 21, 31, "/m/07s04w4"
WJZ251awTEA, 30, 40, "/m/07s04w4"
WKnUfD7Yldg, 30, 40, "/m/04rlf,/m/07rgt08,/m/07s04w4,/m/09x0r"
WL2YGwmnAek, 30, 40, "/m/07s04w4,/m/09x0r"
WLUSLOp8cHM, 30, 40, "/m/04rlf,/m/07s04w4"
WMtUWEYNL-Y, 30, 40, "/m/07s04w4"
WRTGM78nN4Q, 330, 340, "/m/04rlf,/m/07s04w4,/m/09x0r"
WWbOVIhEgUM, 6, 16, "/m/04rlf,/m/07rgt08,/m/07s04w4,/m/09x0r"
W_mit0oybyY, 3, 13, "/m/07s04w4,/m/09x0r"
Wa-MnZdcZF4, 20, 30, "/m/07rgt08,/m/07s04w4,/m/09x0r"
WdFicqGWm0M, 30, 40, "/m/07s04w4,/m/09x0r"
WgbJJCsUDbs, 30, 40, "/m/07s04w4"
Wpmy1XWWt_w, 0, 5, "/m/07rgt08,/m/07s04w4"
Wq04Kly8t-w, 130, 140, "/m/07rgt08,/m/07s04w4,/m/09x0r"
Wq2misL8A1Y, 50, 60, "/m/07s04w4"
Wsej0TUTuyU, 70, 80, "/m/01j3sz,/m/07s04w4,/m/09x0r,/t/dd00125,/t/dd00126,/t/dd00129"
WtxxEBXYus8, 1, 11, "/m/07s04w4"
Wuh9EWK-mGM, 30, 40, "/m/04rlf,/m/07s04w4,/m/09x0r"
WwxB_ovG-wM, 3, 13, "/m/07rgt08,/m/07s04w4"
Wx3VU6MhsGg, 30, 40, "/m/07rgt08,/m/07s04w4"
X0gT3reH8A8, 120, 130, "/m/01j3sz,/m/07s04w4,/m/09x0r"
X89EZe03F34, 30, 40, "/m/07s04w4"
X9dTxlRGfO0, 10, 20, "/m/01j3sz,/m/07s04w4,/m/09x0r"
XA3tLA0SaIc, 40, 50, "/m/04rlf,/m/05zppz,/m/07s04w4,/m/09x0r"
XFNbr5LY9OM, 30, 40, "/m/07s04w4,/m/09x0r"
XFOoUI7J-ko, 15, 25, "/m/07s04w4"
XHSf6GwjANc, 590, 600, "/m/01j3sz,/m/03qc9zr,/m/04rlf,/m/07s04w4,/m/09x0r,/m/0ytgt"
XJQ03t-7kik, 24, 34, "/m/07rgt08,/m/07s04w4,/m/09x0r"
XNN4xILVGik, 15, 25, "/m/07s04w4,/m/09x0r"
XNUFx1nSs3k, 30, 40, "/m/07rgt08,/m/07s04w4,/m/09x0r"
XP97VAexEec, 30, 40, "/m/07s04w4,/m/09x0r"
XU28M0qyPSU, 10, 20, "/m/01j3sz,/m/07s04w4,/m/09x0r"
XVIlRGy45-s, 580, 590, "/m/07s04w4,/m/09x0r"
XXYRVxitaZ8, 220, 230, "/m/01j3sz,/m/07s04w4,/m/09x0r"
X_MY66UMGe4, 10, 20, "/m/07s04w4,/m/09x0r,/t/dd00125"
XcokpFA552A, 370, 380, "/m/04rlf,/m/07s04w4,/m/09x0r"
XdV1gxgHvHU, 30, 40, "/m/07s04w4,/m/09x0r"
Xqx7xYvwBls, 18, 28, "/m/07s04w4,/m/09x0r"
XvVOg4KNQaw, 240, 250, "/m/01j3sz,/m/07s04w4,/m/09x0r"
XwhhEtyGMzM, 0, 10, "/m/01j3sz,/m/07rgt08,/m/07s04w4,/m/09x0r"
XxGd-fy7DMw, 0, 10, "/m/01j3sz,/m/07s04w4,/m/09x0r"
XyotWlMqIP4, 1, 11, "/m/04rlf,/m/07s04w4,/m/09x0r"
Y-guH47Zq_k, 30, 40, "/m/07rgt08,/m/07s04w4,/m/09x0r"
Y4KAkfJBznM, 10, 20, "/m/03qc9zr,/m/07s04w4"
Y4Kcn2gcFWc, 30, 40, "/m/07rgt08,/m/07s04w4,/m/09x0r"
Y5avjLxIu8w, 0, 10, "/m/07s04w4,/m/09x0r"
YDZdJ08B8ow, 20, 30, "/m/01j3sz,/m/04rlf,/m/07s04w4"
YHC_3D6bSqI, 30, 40, "/m/07s04w4,/m/09x0r"
YIUa60aLoos, 30, 40, "/m/07rgt08,/m/07s04w4,/m/09x0r"
YJL4vEW0s0I, 30, 40, "/m/07rgt08,/m/07s04w4,/m/09x0r"
YJsoOJ_12C4, 9, 19, "/m/07s04w4,/m/09x0r"
YM0xHOwHoYQ, 20, 30, "/m/07s04w4,/m/09x0r"
YOohIn5LK7o, 10, 20, "/m/04rlf,/m/07s04w4,/m/09x0r"
YSaG7MYp1Fk, 0, 10, "/m/07s04w4"
YU1T92otSY0, 19, 29, "/m/04rlf,/m/07rgt08,/m/07s04w4,/m/09x0r"
YcgL5Pz5BSA, 0, 10, "/m/01j3sz,/m/07rgt08,/m/07s04w4"
YiJSDxfjois, 360, 370, "/m/04rlf,/m/07s04w4,/m/09x0r"
YkaDRvFYoZA, 14, 24, "/m/04rlf,/m/07s04w4"
YmYNZJ3Jrpo, 30, 40, "/m/04rlf,/m/07s04w4,/m/09x0r"
YnFjJBsF14A, 30, 40, "/m/07s04w4,/m/09x0r"
YoLWVWOgtDg, 360, 370, "/m/04rlf,/m/07s04w4,/m/09x0r"
Yp_XHXeoNMY, 30, 40, "/m/07s04w4,/m/09x0r"
YtXoP85bfF8, 30, 40, "/m/07s04w4,/m/09x0r"
YvZL4gNweFM, 90, 100, "/m/07s04w4"
Yvpz4sG6nOU, 30, 40, "/m/07rgt08,/m/07s04w4,/m/09x0r,/t/dd00001"
YzDPXkn4Uc8, 230, 240, "/m/07s04w4,/m/09x0r"
YzkYYFPjxZQ, 120, 130, "/m/01j3sz,/m/07s04w4"
Z0Wr2HPYtpc, 100, 110, "/m/07s04w4,/m/09x0r"
Z1epa15Pzno, 30, 40, "/m/04rlf,/m/07rgt08,/m/07s04w4,/m/09x0r"
Z3xgF8seUNI, 50, 60, "/m/01j3sz,/m/07s04w4"
Z4LgzGovINY, 570, 580, "/m/04rlf,/m/07s04w4"
Z4OVadcANMY, 30, 40, "/m/04rlf,/m/07s04w4"
Z4_h-zVEejI, 460, 470, "/m/07s04w4"
ZCXTEgvXJos, 20, 30, "/m/04rlf,/m/07rgt08,/m/07s04w4,/m/09x0r"
ZFTJfHO0X1k, 220, 230, "/m/07s04w4,/m/09x0r"
ZJfcejGvMY0, 30, 40, "/m/07s04w4,/m/09x0r"
ZK_E8-Cq5sU, 90, 100, "/m/07rgt08,/m/07s04w4,/m/09x0r"
ZKfwENg2PhU, 30, 40, "/m/07s04w4"
ZM4ncqS7USk, 11, 21, "/m/07rgt08,/m/07s04w4"
ZMO6QbpohAI, 30, 40, "/m/07s04w4"
ZMwa1h1Aa8I, 30, 40, "/m/015lz1,/m/0342h,/m/04rlf,/m/04szw,/m/07s04w4,/m/0fx80y"
ZTJUJWPiRA8, 110, 120, "/m/02zsn,/m/07s04w4,/m/09x0r"
ZW3eaPO8ynI, 30, 40, "/m/07s04w4,/m/09x0r"
ZXwWkIcyhy0, 30, 40, "/m/07s04w4"
ZYpGqHLTh6k, 240, 250, "/m/01j3sz,/m/07s04w4,/m/07sq110,/m/09x0r"
ZZ3W_qp1VqU, 10, 20, "/m/07s04w4,/m/09x0r"
Z_e0BXqrMdo, 29, 39, "/m/07rgt08,/m/07s04w4"
Z_lDN8M80RY, 250, 260, "/m/04rlf,/m/07rgt08,/m/07s04w4,/m/09x0r,/t/dd00125"
Zb_v1eH_F0I, 23, 33, "/m/07s04w4,/m/09x0r"
ZdMR28D9Bak, 30, 40, "/m/01j3sz,/m/07rgt08,/m/07s04w4,/m/09x0r"
ZdXARmyYbB4, 30, 40, "/m/07s04w4"
ZfUh1E2EjcM, 520, 530, "/m/07s04w4,/m/09x0r"
ZiLrtELgMMY, 400, 410, "/m/07rgt08,/m/07s04w4,/m/09x0r"
Zp2XXOQJ1vo, 30, 40, "/m/07s04w4"
Zrt6XaGozeQ, 23, 33, "/m/04rlf,/m/07s04w4,/m/09x0r"
Zw15c9YjZ-g, 120, 130, "/m/07rgt08,/m/07s04w4,/m/09x0r"
Zx4IjU4sPuY, 4, 14, "/m/07rgt08,/m/07s04w4,/m/09x0r"
_0vGPOwom7M, 110, 120, "/m/07s04w4"
_2etqTjLxnE, 40, 50, "/m/07s04w4,/m/09x0r"
_EIcLnNzUQE, 30, 40, "/m/04rlf,/m/07s04w4,/m/09x0r"
_I0GOgExAVs, 30, 40, "/m/07s04w4,/m/09x0r"
_NDbOte9tZY, 50, 60, "/m/07rgt08,/m/07s04w4,/m/0ytgt"
_PF3OIIB7F4, 300, 310, "/m/07s04w4,/m/09x0r,/t/dd00125"
_RhRVhIv-CY, 30, 40, "/m/07s04w4,/m/09x0r"
_RkXARbOJRY, 5, 15, "/m/07s04w4,/m/09x0r"
_Sm2R4KR2A4, 30, 40, "/m/04rlf,/m/07s04w4,/m/09x0r"
_TReUkL5sWE, 140, 150, "/m/07s04w4,/m/09x0r,/t/dd00125"
_Ya9PYJRLmU, 22, 32, "/m/07rgt08,/m/07s04w4,/t/dd00001"
_dSikYkY28s, 18, 28, "/m/07s04w4,/m/09x0r"
_eIe1isk5JM, 30, 40, "/m/07s04w4,/m/09x0r"
_eo2lCLyqSQ, 30, 40, "/m/04rlf,/m/07rgt08,/m/07s04w4,/m/09x0r"
_nPtAhohJ2Q, 30, 40, "/m/07s04w4"
_oAl1SXNYfI, 180, 190, "/m/07s04w4,/m/09x0r"
_p1Q1qCfXrQ, 30, 40, "/m/07s04w4,/t/dd00001"
_rXdREOPjwY, 100, 110, "/m/03fwl,/m/07s04w4,/m/09x0r,/m/0jbk"
_un1EOYBHi4, 0, 10, "/m/07s04w4,/m/09x0r"
_vVgMRaSY9k, 60, 70, "/m/07s04w4,/m/07sq110"
a0KGZ3F6j50, 40, 50, "/m/07s04w4"
a27E0mR7yOY, 30, 40, "/m/07rgt08,/m/07s04w4,/m/09x0r"
a5soZMjBCbg, 30, 40, "/m/07s04w4"
a8sZCK2v7GY, 30, 40, "/m/07s04w4"
a9V6iL2TWxE, 5, 15, "/m/07s04w4,/m/09x0r"
aADZSIo4BuA, 30, 40, "/m/04rlf,/m/07rgt08,/m/07s04w4,/m/09x0r"
aEu-ufXMr6c, 30, 40, "/m/01j3sz,/m/05zppz,/m/07s04w4,/m/09x0r"
aKH3xY673mY, 10, 20, "/m/07s04w4,/m/09x0r,/m/0ytgt"
aMXds_4K3ys, 30, 40, "/m/07s04w4,/m/09x0r"
aM_udRtQXAM, 30, 40, "/m/07rgt08,/m/07s04w4,/t/dd00001"
aRCj4BjgICo, 30, 40, "/m/07s04w4"
aW6BP9ibcEE, 30, 40, "/m/04rlf,/m/07rgt08,/m/07s04w4,/m/09x0r"
aX7fWv6V7hY, 120, 130, "/m/07s04w4"
aXS2iHSQE6g, 10, 20, "/m/01j3sz,/m/07s04w4,/m/09x0r"
aXixAT34Ey0, 90, 100, "/m/04rlf,/m/07s04w4,/m/09x0r"
aY3LHD1vUX8, 40, 50, "/m/01j3sz,/m/07s04w4"
aYDHciy0Vis, 0, 8, "/m/04rlf,/m/07s04w4"
aZBbKnqMLsM, 40, 50, "/m/07s04w4,/m/09x0r"
aZLD-VRuBo8, 30, 40, "/m/07s04w4,/t/dd00001"
af73rjSpwGA, 80, 90, "/m/07s04w4"
aiUZMBUc6RM, 310, 320, "/m/04rlf,/m/07s04w4,/m/09x0r"
ajoJp0eo6Kk, 30, 40, "/m/07rgt08,/m/07s04w4,/m/09x0r"
ajylMACjnJo, 30, 40, "/m/07s04w4,/m/09x0r,/m/0ytgt"
am03ojsWwPE, 30, 40, "/m/07s04w4,/m/09x0r"
an3mpM5u5YU, 30, 40, "/m/07s04w4,/m/09x0r,/t/dd00128"
aqJL8SPaZhg, 30, 40, "/m/07s04w4,/m/09x0r"
arOcf_3MYPQ, 4, 14, "/m/07rgt08,/m/07s04w4,/m/09x0r"
auN4S16GiUo, 10, 20, "/m/04rlf,/m/07s04w4,/m/09x0r"
awoOAIxEZ0A, 130, 140, "/m/07s04w4"
azvDUDCEuOM, 20, 30, "/m/05zppz,/m/07rgt08,/m/07s04w4,/m/09x0r"
b-FBl2Qhrrc, 0, 10, "/m/02_nn,/m/07s04w4,/m/09x0r"
b3ByvFGRSRY, 390, 400, "/m/06d_3,/m/07s04w4,/m/09x0r"
b3N84QSODwY, 30, 40, "/m/07s04w4"
b3QWaD4Cy8M, 170, 180, "/m/07s04w4,/m/09x0r"
b7OyLqtL7kc, 510, 520, "/m/07s04w4,/m/09x0r"
bG1M2tqygjU, 10, 20, "/m/01j3sz,/m/07rgt08,/m/07s04w4,/m/09x0r,/m/0ytgt"
bGYeSUFHaCs, 30, 40, "/m/07rgt08,/m/07s04w4,/m/09x0r"
bHCw3qiS2lM, 30, 40, "/m/07s04w4,/m/09x0r"
bNv7ZFfJezQ, 30, 40, "/m/07rgt08,/m/07s04w4,/m/09x0r"
bOsaHc-M4bk, 0, 10, "/m/07s04w4"
bPmOsBAHTNw, 150, 160, "/m/07s04w4,/m/09x0r,/t/dd00125"
bS33f9iYPyo, 3, 13, "/m/04rlf,/m/07s04w4"
bUUAhJW1NBo, 100, 110, "/m/06h7j,/m/07s04w4,/m/09x0r"
bVLrcpJTT9M, 0, 4, "/m/01j3sz,/m/07s04w4"
b_DFyiBkUZQ, 0, 10, "/m/07s04w4,/m/09x0r"
baWqKKc3RVU, 50, 60, "/m/01j3sz,/m/07s04w4,/m/09x0r,/t/dd00126"
bb6rmO0ybDs, 80, 90, "/m/07s04w4"
beK3BsbvL6k, 400, 410, "/m/04rlf,/m/07s04w4,/m/09x0r"
beqpYyULyD4, 30, 40, "/m/07s04w4,/m/09x0r"
bgYoWcUZmDM, 490, 500, "/m/07rgt08,/m/07s04w4,/m/09x0r"
bgcKiVGRSAM, 410, 420, "/m/07s04w4,/m/09x0r"
bjH-ahdq8M8, 40, 50, "/m/07rgt08,/m/07s04w4,/m/09x0r"
bkYg7DqX1_U, 0, 10, "/m/07s04w4,/m/0ytgt"
bmBSCq2xjlU, 230, 240, "/m/07s04w4"
brmfTixMMzk, 30, 40, "/m/07s04w4"
bwrvVDnCXFE, 30, 40, "/m/07rgt08,/m/07s04w4,/m/09x0r,/t/dd00001"
bxfqPedjvVU, 360, 370, "/m/01j3sz,/m/07s04w4,/m/09x0r"
bycgEZRGccw, 30, 40, "/m/07s04w4,/m/09x0r"
bzbYKqQ7BKM, 20, 30, "/m/01j3sz,/m/07s04w4,/m/09x0r,/t/dd00125"
c7WiTVYeeHc, 240, 250, "/m/04rlf,/m/07s04w4,/m/09x0r"
c810xLbgiFk, 28, 38, "/m/07rgt08,/m/07s04w4,/m/09x0r"
c9NjFnDNXP0, 150, 160, "/m/01j3sz,/m/07s04w4,/m/09x0r"
cAXkxtHivkg, 70, 80, "/m/01j3sz,/m/07s04w4"
cDwleRigKMM, 0, 9, "/m/07rgt08,/m/07s04w4"
cHiRY3hGUnA, 30, 40, "/m/07s04w4,/m/09x0r"
cIasr2AiyZ0, 20, 30, "/m/07s04w4,/m/09x0r,/t/dd00126"
cIkZTwi6h5I, 90, 100, "/m/07rgt08,/m/07s04w4,/m/09x0r,/m/0ytgt"
cKYetsSaZuo, 40, 50, "/m/04rlf,/m/07s04w4"
cPOSfJ0i274, 80, 90, "/m/01j3sz,/m/07s04w4,/m/09x0r"
cQDkTb3VrqA, 150, 160, "/m/01j3sz,/m/07rgt08,/m/07s04w4,/m/09x0r"
cVTW_NXPBBg, 30, 40, "/m/07s04w4,/m/09x0r"
cVdrQ8bIOeA, 180, 190, "/m/01j3sz,/m/07s04w4,/m/09x0r"
ceXvacxjDVg, 100, 110, "/m/01j3sz,/m/04rlf,/m/07rgt08,/m/07s04w4,/m/09x0r,/t/dd00125"
cfcN8mJAnjU, 60, 70, "/m/07s04w4,/m/09x0r"
cfm3g8IHxcM, 20, 30, "/m/01j3sz,/m/07s04w4,/m/09x0r"
cgTGf4q6i2I, 30, 40, "/m/07s04w4,/m/09x0r"
ci5R8SFeDfA, 180, 190, "/m/07s04w4"
ciFTHLVRC0E, 130, 140, "/m/02p3nc,/m/02zsn,/m/07s04w4,/m/09x0r"
cmZ3o9LnojY, 0, 10, "/m/01j3sz,/m/07s04w4,/m/09x0r"
cpBZwQy1a1k, 60, 70, "/m/07s04w4"
cuah3UqZRVY, 50, 60, "/m/01j3sz,/m/07s04w4,/m/09x0r"
cuzhajQfvrw, 30, 40, "/m/07rgt08,/m/07s04w4,/m/09x0r"
cvGYePAPDJI, 90, 100, "/m/07s04w4,/m/09x0r"
cwqucy4c3IE, 90, 100, "/m/07s04w4,/m/09x0r"
cxtcO1Ook98, 410, 420, "/m/07s04w4"
czkBCnk-EKM, 0, 5, "/m/07s04w4"
d0V3o-ixH6E, 520, 530, "/m/07s04w4,/m/09x0r"
d0VnBP36O9w, 70, 80, "/m/01j3sz,/m/04rlf,/m/07rgt08,/m/07s04w4,/m/09x0r"
d8FWSXor3qg, 23, 33, "/m/07s04w4,/m/09x0r"
d8U0js8YANI, 70, 80, "/m/01j3sz,/m/07rgt08,/m/07s04w4,/m/09x0r"
d8hetsTNzgA, 160, 170, "/m/01j3sz,/m/07s04w4,/m/09x0r,/m/0l15bq"
dDxk7rK0m7c, 50, 60, "/m/01j3sz,/m/04rlf,/m/07s04w4,/m/09x0r"
dJJzJrWqDXo, 80, 90, "/m/07s04w4,/m/09x0r"
dKR01PEdsN4, 6, 16, "/m/07rgt08,/m/07s04w4,/m/09x0r"
dOG3NiSMiVA, 390, 400, "/m/07s04w4,/m/09x0r"
dPzPZ3vLNgE, 140, 150, "/m/07rgt08,/m/07s04w4,/m/09x0r"
dRyb_ok88tA, 350, 360, "/m/04rlf,/m/07s04w4,/m/09x0r"
dSh0dwV8cFA, 30, 40, "/m/07s04w4,/m/09x0r"
dU2Xf0z3hng, 70, 80, "/m/01j3sz,/m/07s04w4,/m/09x0r"
dYtG-i2TJJY, 30, 40, "/m/07s04w4,/m/09x0r"
dZH7UVr0DXY, 30, 40, "/m/07rgt08,/m/07s04w4,/m/09x0r"
dZPukeFDDd8, 340, 350, "/m/07s04w4"
daTp6r-egrA, 30, 40, "/m/07s04w4,/m/09x0r"
de-Ug2bPuWs, 150, 160, "/m/04rlf,/m/04szw,/m/07s04w4"
dfAIzOXe4Ew, 30, 40, "/m/07s04w4,/m/09x0r"
dfUXxwXWObk, 210, 220, "/m/07s04w4,/m/09x0r,/t/dd00126"
dgchLYehgOc, 510, 520, "/m/07s04w4,/m/09x0r"
di2PQHMTDLk, 200, 210, "/m/07s04w4,/m/09x0r"
dlK8Ma4uvDw, 70, 80, "/m/07s04w4,/m/09x0r"
dr9ZhGSnBKE, 540, 550, "/m/07s04w4,/m/09x0r"
duYq5I02OYE, 50, 60, "/m/07s04w4,/m/09x0r"
e-Zvcc5zMgM, 110, 120, "/m/07s04w4,/m/09x0r"
e3wjh6vVUuU, 11, 21, "/m/04rlf,/m/07s04w4,/m/09x0r"
e56-XWf5bmw, 160, 170, "/m/01j3sz,/m/07s04w4"
e5tjfVTLJOc, 30, 40, "/m/07s04w4,/m/09x0r"
e6jow5FPCb8, 30, 40, "/m/07s04w4,/m/09x0r"
e8Lm-kPvGSw, 30, 40, "/m/07s04w4,/m/09x0r,/m/0jbk,/m/0ytgt"
eIMQ7Vgum-Y, 30, 40, "/m/07s04w4,/m/09x0r"
eLrTOBiiwgU, 30, 40, "/m/07s04w4,/m/09x0r"
eNsFaLF6QPw, 110, 120, "/m/07s04w4,/m/09x0r"
eSG7wKfjDz0, 30, 40, "/m/07s04w4"
eagPZ_x3WIE, 140, 150, "/m/04rlf,/m/07rgt08,/m/07s04w4,/m/09x0r"
eaoDjo9Sghk, 290, 300, "/m/07s04w4"
edUn1lUWCa4, 80, 90, "/m/07rgt08,/m/07s04w4"
ee-HDPGJDR0, 20, 30, "/m/01j3sz,/m/07rgt08,/m/07s04w4,/m/09x0r"
eg4QmXoWA8s, 100, 110, "/m/01j3sz,/m/07s04w4,/m/09x0r"
eh0dBzZpWCI, 10, 20, "/m/01j3sz,/m/07s04w4,/m/09x0r"
eh5rg8LNKxs, 80, 90, "/m/07s04w4,/m/09x0r"
ejHQVPDw_5s, 50, 60, "/m/01j3sz,/m/02cz_7,/m/04rlf,/m/07s04w4,/m/0y4f8"
epHACedpl_w, 13, 23, "/m/07s04w4,/m/09x0r"
eqOjnZ2Wro0, 30, 40, "/m/07rgt08,/m/07s04w4,/m/09x0r"
etqaamw6stQ, 200, 210, "/m/07s04w4,/m/09x0r"
ezK9k18Q3og, 20, 30, "/m/07r660_,/m/07rgt08,/m/07s04w4,/m/0ytgt"
f1K25n87vJU, 60, 70, "/m/07s04w4,/m/09x0r"
f23PtsAXYXU, 30, 40, "/m/07s04w4,/m/09x0r"
f4JEP6AIKFE, 30, 40, "/m/07rgt08,/m/07s04w4,/m/09x0r"
f5GZGSOb0vQ, 50, 60, "/m/07rgt08,/m/07s04w4,/m/09x0r"
f6OhmrIdB-g, 30, 40, "/m/07rgt08,/m/07s04w4,/m/09x0r"
f6UN0S9pi28, 30, 40, "/m/07s04w4,/m/07sq110"
f6jtqRdb99Y, 20, 30, "/m/07s04w4,/m/09x0r"
fA_GfskOMDI, 80, 90, "/m/01j3sz,/m/07s04w4"
fBmRsXNTtHc, 310, 320, "/m/02zsn,/m/07qz6j3,/m/07s04w4,/m/09x0r"
fCroxVB8LrM, 12, 22, "/m/07s04w4,/t/dd00001"
fDgC2D_ygMg, 30, 40, "/m/07rgt08,/m/07s04w4,/m/09x0r"
fIhbok1J9BQ, 60, 70, "/m/07s04w4,/m/09x0r"
fImxxdrc4rc, 70, 80, "/m/01j3sz,/m/07s04w4,/m/09x0r"
fK4QBQZ6i7w, 290, 300, "/m/01j3sz,/m/07rgt08,/m/07s04w4"
fORTwxb5tcY, 25, 35, "/m/07s04w4,/m/09x0r"
fS14ZwUF_TM, 30, 40, "/m/07s04w4,/m/09x0r"
fSaLoupmC98, 0, 10, "/m/01j3sz,/m/04rlf,/m/07rgt08,/m/07s04w4,/m/09x0r"
fSem1sWlxSo, 30, 40, "/m/04rlf,/m/07s04w4,/m/09x0r"
fSzRKuW0lrk, 130, 140, "/m/07s04w4,/m/0ytgt"
fTOYwOIMFVc, 170, 180, "/m/07s04w4,/m/09x0r"
fTSYBUbQXzo, 30, 40, "/m/07rgt08,/m/07s04w4"
fVCJI7DpJlA, 30, 40, "/m/07rgt08,/m/07s04w4"
fVNhLEEdP04, 8, 18, "/m/04rlf,/m/07s04w4"
fVrjCJK0do0, 30, 40, "/m/07rgt08,/m/07s04w4,/m/09x0r"
fXTqFPbWZf0, 0, 10, "/m/01j3sz,/m/04rlf,/m/07rgt08,/m/07s04w4,/m/09x0r"
fcHlNBopIjA, 540, 550, "/m/07s04w4,/m/09x0r"
fdq-LKc8_IE, 0, 10, "/m/07s04w4"
fj7r6L9Le2E, 200, 210, "/m/01j3sz,/m/04rlf,/m/07s04w4,/m/09x0r"
fk4pL8x9jLo, 240, 250, "/m/01j3sz,/m/07rgt08,/m/07s04w4,/m/09x0r"
fltOe0MJIwo, 30, 40, "/m/07s04w4"
foCQnR39lvI, 30, 40, "/m/07s04w4,/m/09x0r"
fooPH6tQN6g, 30, 40, "/m/07rgt08,/m/07s04w4,/m/09x0r"
fpW_dmq0dhI, 270, 280, "/m/07rgt08,/m/07s04w4,/m/09x0r"
fu0YMu5J2is, 30, 40, "/m/04rlf,/m/07s04w4,/m/09x0r"
fuu4c6aliBY, 1, 11, "/m/07s04w4,/m/09x0r"
fvrM6mizMcs, 40, 50, "/m/07cx4,/m/07s04w4,/m/09x0r"
fw17DyFuDOg, 30, 40, "/m/07s04w4,/m/09x0r"
fwVUq1L4BHk, 0, 9, "/m/07s04w4,/m/09x0r"
fwVmIhGgMjU, 10, 20, "/m/01j3sz,/m/07s04w4"
fxYzqqMWC6g, 210, 220, "/m/07s04w4,/m/09x0r"
fzFakU5LSwQ, 30, 40, "/m/04rlf,/m/07s04w4,/m/09x0r"
g13CNBxw8cg, 30, 40, "/m/07s04w4,/m/09x0r"
g3nUSxNfAFk, 500, 510, "/m/01j3sz,/m/04rlf,/m/07s04w4,/m/09x0r"
g6OaXXgkJXg, 250, 260, "/m/07s04w4,/m/09x0r"
g6R-x-vOuYo, 0, 9, "/m/04rlf,/m/07s04w4,/m/09x0r"
g7YefSN7CaY, 10, 20, "/m/07s04w4,/m/09x0r"
g9OUGSL70H0, 30, 40, "/m/07s04w4,/m/09x0r"
gARmdkNnzGE, 190, 200, "/m/01j3sz,/m/07rgt08,/m/07s04w4,/m/09x0r,/m/0ytgt"
gDo70cA-K50, 570, 580, "/m/07s04w4,/m/09x0r"
gDrPz-GTZPk, 140, 150, "/m/07s04w4,/m/09x0r"
gEripxXVCG8, 30, 40, "/m/07rgt08,/m/07s04w4,/m/09x0r"
gKZj5OraHL8, 50, 60, "/m/01j3sz,/m/07s04w4,/m/09x0r"
gL26mq5sgC8, 30, 40, "/m/04rlf,/m/07rgt08,/m/07s04w4,/m/09x0r"
gOqBZxWD3pQ, 60, 70, "/m/07s04w4"
gP4PKTMlD9M, 30, 40, "/m/04rlf,/m/07s04w4"
gPF3LgB5uLY, 360, 370, "/m/07s04w4,/m/07sq110,/m/0ytgt"
gTa44EJPMTI, 290, 300, "/m/07s04w4,/m/09x0r"
gY9Hvtn6tFM, 5, 15, "/m/04rlf,/m/07s04w4,/m/09x0r"
gaaVQc_Y1PE, 30, 40, "/m/07s04w4,/m/09x0r,/t/dd00001"
gbtcDoh0q3c, 130, 140, "/m/01j3sz,/m/07s04w4,/m/09x0r"
gddBJgKdhrI, 120, 130, "/m/07s04w4,/m/09x0r"
geyipKVnlnc, 190, 200, "/m/07s04w4,/m/09x0r"
ggW6HlJsJPA, 280, 290, "/m/07s04w4,/m/07sq110"
gh7WHTnX9mI, 90, 100, "/m/07rgt08,/m/07s04w4,/m/09x0r"
gkkbhbIUfUE, 100, 110, "/m/07s04w4,/m/09x0r"
gmm7fKrY1jY, 20, 30, "/m/01j3sz,/m/07s04w4,/m/09x0r"
gqN1KaNlGeo, 30, 40, "/m/07s04w4,/m/09x0r"
gq_xeYxxgQ8, 30, 40, "/m/07s04w4"
grlUiog7-iQ, 30, 40, "/m/04rlf,/m/07s04w4,/m/09x0r"
guvnNwCkhcs, 30, 40, "/m/07rgt08,/m/07s04w4"
gvik8nvSjNE, 30, 40, "/m/04rlf,/m/07s04w4,/m/09x0r"
gytQy2OUUPY, 30, 40, "/m/04rlf,/m/07s04w4,/m/09x0r"
h03V_0C6k0M, 0, 4, "/m/04rlf,/m/07s04w4"
h2-8tUs69IY, 60, 70, "/m/07s04w4"
h2pC7dNPXbI, 0, 10, "/m/07s04w4,/m/09x0r"
h5h6Pm1HiEo, 390, 400, "/m/07s04w4,/m/09x0r"
h7BZ8Ny3Mc0, 470, 480, "/m/07s04w4,/m/09x0r"
hI07uf8uJ0I, 30, 40, "/m/07s04w4,/m/09x0r"
hI1ZAucpeBY, 0, 10, "/m/07s04w4,/m/07sq110"
hOx_5RWh7Ms, 20, 30, "/m/05zppz,/m/07s04w4,/m/09x0r"
hQCrvAEiV4o, 60, 70, "/m/07s04w4,/m/09x0r"
hS00VzydSYs, 0, 10, "/m/07s04w4"
hS5BQ7mFwBg, 80, 90, "/m/01j3sz,/m/02cz_7,/m/07s04w4,/m/09x0r"
hVOEesEabN8, 30, 40, "/m/07rgt08,/m/07s04w4,/m/09x0r"
hV_CjOK-mME, 30, 40, "/m/07s04w4"
hXWpyaFFxxQ, 170, 180, "/m/04rlf,/m/07s04w4,/m/09x0r"
ha8CT4nfwh8, 340, 350, "/m/04rlf,/m/07s04w4,/m/09x0r"
hb9MFx_of-0, 30, 40, "/m/07rgt08,/m/07s04w4,/m/09x0r,/t/dd00001"
hbGaIbKQgvo, 10, 20, "/m/07s04w4"
hcrIF8iN6UA, 0, 10, "/m/01m4t,/m/07s04w4,/m/09x0r,/t/dd00125"
hh-mkWwHPhM, 20, 30, "/m/07s04w4"
hh9G0qZAlKg, 30, 40, "/m/07s04w4,/m/09x0r"
hhIEz2Ri0iA, 30, 40, "/m/07s04w4"
hpKjqK6ZJ5I, 30, 40, "/m/07s04w4,/m/09x0r"
hpQo9zQHHPA, 10, 20, "/m/07s04w4"
htmuNeT0_8M, 11, 21, "/m/07rgt08,/m/07s04w4"
htqNKXEQfnU, 30, 40, "/m/07s04w4,/m/09x0r"
huUnVy57fqA, 0, 6, "/m/07s04w4,/m/09x0r"
i1Ppn7Zq_zc, 30, 40, "/m/07rgt08,/m/07s04w4,/m/09x0r"
i3vw5sNGiak, 21, 31, "/m/07s04w4,/m/09x0r"
i4wrdaq0stM, 30, 40, "/m/07rgt08,/m/07s04w4"
i9QwMxz51Ew, 80, 90, "/m/01j3sz,/m/07s04w4,/m/09x0r"
iAb44Sxde64, 30, 40, "/m/07rgt08,/m/07s04w4,/m/09x0r"
iEF4meMKIKg, 70, 80, "/m/04rlf,/m/07s04w4,/m/09x0r,/m/0glt670"
iEkWMv7SPDw, 30, 40, "/m/07s04w4,/m/09x0r"
iLIR8xbxu64, 30, 40, "/m/07rgt08,/m/07s04w4"
iPnHT59TToU, 150, 160, "/m/07s04w4,/m/09x0r"
iVUGU72Tfbo, 30, 40, "/m/07s04w4,/m/09x0r"
ihrCFkCPQZU, 0, 10, "/m/01j3sz,/m/07s04w4,/m/09x0r"
ihycWBCtuY0, 160, 170, "/m/04rlf,/m/07s04w4,/m/09x0r"
irXW4VuPu_c, 30, 40, "/m/07s04w4,/m/09x0r"
itBivMiYlhM, 30, 40, "/m/07s04w4"
iucVWmxuJaQ, 40, 50, "/m/07s04w4,/m/09x0r,/t/dd00128"
ix2F61JGDPY, 30, 40, "/m/04rlf,/m/07rgt08,/m/07s04w4"
iy_5QS27q_A, 160, 170, "/m/01j3sz,/m/07rgt08,/m/07s04w4,/m/07sq110,/m/09x0r"
iyd_JvBUoBY, 30, 40, "/m/07s04w4,/m/0ytgt"
j00x2cfXbgQ, 40, 50, "/m/07s04w4"
j0DNOSkSTtE, 0, 10, "/m/07s04w4,/m/09x0r"
j0DlSd3uooQ, 270, 280, "/m/02zsn,/m/07s04w4,/m/09x0r"
j0OGlEANzLQ, 380, 390, "/m/07rgt08,/m/07s04w4,/m/09x0r"
j0Z7havvDEE, 30, 40, "/m/07s04w4,/m/09x0r,/t/dd00001"
j7VReQM53hg, 30, 40, "/m/07rgt08,/m/07s04w4,/m/09x0r"
jBG8qw_2KvE, 120, 130, "/m/01j3sz,/m/07rgt08,/m/07s04w4,/m/09x0r"
jBkXxvc4gao, 480, 490, "/m/07s04w4,/m/09x0r"
jCkM2VSZyh0, 50, 60, "/m/068hy,/m/07s04w4,/m/09x0r,/m/0bt9lr,/m/0jbk"
jDvu6o6DnfQ, 30, 40, "/m/07s04w4"
jH33GIRAnsk, 30, 40, "/m/07s04w4"
jJOz1wRSPX0, 0, 10, "/m/07s04w4,/m/09x0r"
jLTxmaVmVSc, 520, 530, "/m/07rgt08,/m/07s04w4,/m/09x0r"
jRZhQzAGpXc, 260, 270, "/m/07s04w4"
jTQy63muJyM, 8, 18, "/m/04rlf,/m/07s04w4"
jWq34q5dujo, 80, 90, "/m/01j3sz,/m/07rgt08,/m/07s04w4,/m/09x0r"
jYFGKtAWOmk, 40, 50, "/m/07pjwq1,/m/07s04w4,/m/09x0r"
jZZHDsIODCc, 270, 280, "/m/07s04w4,/m/09x0r"
j_s868T8zD8, 60, 70, "/m/02zsn,/m/04rlf,/m/07s04w4,/m/09x0r"
jgLdhhsiMZo, 30, 40, "/m/07s04w4,/t/dd00001"
jhaLogJhrls, 0, 10, "/m/07s04w4,/m/09x0r"
jiZ914zCZ2w, 30, 40, "/m/07s04w4,/m/09x0r"
jid4t-FzUn0, 20, 30, "/m/03fwl,/m/07s04w4,/m/09x0r"
jj2JYeLhRZw, 22, 32, "/m/07s04w4,/m/09x0r"
jk1yO5b8Ng8, 30, 40, "/m/07s04w4,/m/09x0r"
jr0VYyA1g7U, 120, 130, "/m/07s04w4,/m/09x0r"
jrQdePFoZco, 30, 40, "/m/0463cq4,/m/07s04w4"
jsWBPshapfM, 160, 170, "/m/07s04w4,/m/09x0r"
juJqtMir3UQ, 20, 30, "/m/07pbtc8,/m/07s04w4,/m/09x0r"
jvlFcrVdCpU, 0, 10, "/m/07s04w4"
jwTDBf7WFDA, 560, 570, "/m/07rgt08,/m/07s04w4,/m/09x0r"
jxFV5yb2SN8, 30, 40, "/m/04rlf,/m/07s04w4,/m/09x0r"
jxg2vEmh6NI, 30, 40, "/m/04rlf,/m/07rgt08,/m/07s04w4,/m/09x0r"
k-raxJuPXKg, 0, 10, "/m/07s04w4"
k-wYqknZUNQ, 120, 130, "/m/0261r1,/m/07s04w4"
k0VT4cSm4n8, 560, 570, "/m/07s04w4,/m/09x0r"
k1KzGLorCFs, 40, 50, "/m/01j3sz,/m/07rgt08,/m/07s04w4,/m/09x0r"
k1MtbV47kXw, 40, 50, "/m/01j3sz,/m/04rlf,/m/07s04w4"
k4hoKv8xtFA, 16, 26, "/m/07s04w4,/m/09x0r"
k4qVemhAl-8, 210, 220, "/m/07s04w4,/m/09x0r"
k88r3zjb7g4, 30, 40, "/m/07rgt08,/m/07s04w4,/m/09x0r"
k91xx3U1bk8, 10, 20, "/m/07s04w4,/m/09x0r"
kCBe2AGi3og, 10, 20, "/m/04rlf,/m/07rgt08,/m/07s04w4,/m/09x0r"
kD090VcrKjI, 30, 40, "/m/07rgt08,/m/07s04w4,/m/09x0r"
kDuXpSwFlCg, 190, 200, "/m/01j3sz,/m/07s04w4"
kEuZE_uu1rs, 20, 30, "/m/0463cq4,/m/07s04w4,/m/09x0r"
kF3aeNEvc7Q, 260, 270, "/m/07s04w4,/m/09x0r"
kFWatka_mIo, 240, 250, "/m/07s04w4"
kHoQpFbi4Y4, 70, 80, "/m/07s04w4,/m/09x0r"
kI-Fciy3u6M, 160, 170, "/m/07rgt08,/m/07s04w4,/m/09x0r"
kLV0XoZ2-44, 0, 6, "/m/04rlf,/m/07s04w4"
kSMn-DrW0WQ, 10, 20, "/m/04rlf,/m/07s04w4,/m/09x0r"
kTIrgZkW34I, 0, 5, "/m/07s04w4"
kY9d7K4MXDw, 2, 12, "/m/04rlf,/m/07rgt08,/m/07s04w4,/m/09x0r"
kf1hgALE_dI, 230, 240, "/m/04rlf,/m/07s04w4,/m/09x0r"
kfNh-2kI3EE, 30, 40, "/m/07rgt08,/m/07s04w4,/m/09x0r"
kjdrRNDQkRw, 40, 50, "/m/02zsn,/m/07s04w4,/m/09x0r"
kkBxN8vUoWI, 30, 40, "/m/07s04w4,/m/09x0r"
kmTJINP7OE4, 140, 150, "/m/07s04w4,/m/09x0r"
kpZSf0B-A34, 90, 100, "/m/07s04w4"
ksmZ6TZ1Kjo, 30, 40, "/m/07s04w4"
ku79UKCzrpE, 10, 20, "/m/01j3sz,/m/07s04w4,/m/09x0r"
kv9JJwoo4OY, 270, 280, "/m/07s04w4,/m/09x0r"
kxjXjqeiPpg, 20, 30, "/m/03qc9zr,/m/07qz6j3,/m/07s04w4,/m/09x0r"
l1ZjmsaGKoc, 30, 40, "/m/07s04w4"
l61BvofKqiI, 30, 40, "/m/07rgt08,/m/07s04w4,/m/09x0r"
l7D8PvFCLd0, 30, 40, "/m/07rgt08,/m/07s04w4,/m/09x0r"
lBRpD8B7aBk, 460, 470, "/m/04rlf,/m/07s04w4,/m/09x0r"
lClydlncwEc, 380, 390, "/m/015lz1,/m/07s04w4,/m/09x0r"
lL_jUBUNiG4, 480, 490, "/m/07s04w4"
lSLOaAA2ERI, 18, 28, "/m/07s04w4"
lVU3u-FzjvM, 30, 40, "/m/04rlf,/m/07s04w4,/m/09x0r"
lkeAY5br9E4, 290, 300, "/m/01j3sz,/m/07rgt08,/m/07s04w4,/m/09x0r"
llpFRCNICw8, 60, 70, "/m/04rlf,/m/07s04w4,/m/09x0r"
lpwx62dVdjc, 280, 290, "/m/07rgt08,/m/07s04w4,/m/09x0r"
lqeHb_00T1A, 30, 40, "/m/07rgt08,/m/07s04w4,/m/09x0r"
lqhHCtvN3U0, 90, 100, "/m/07s04w4,/m/0ytgt"
lrOISIMtHXg, 30, 40, "/m/07rgt08,/m/07s04w4"
lvOy55fUAmg, 20, 30, "/m/07s04w4,/m/09x0r"
lwZBkArw3JU, 30, 40, "/m/07rgt08,/m/07s04w4,/m/09x0r"
lx92Eodxq3g, 30, 40, "/m/07s04w4,/m/09x0r"
lyMy1_SjXUg, 30, 40, "/m/07s04w4,/m/09x0r"
m-98onYld8Q, 6, 16, "/m/07s04w4"
m-OG3b5qqUs, 30, 40, "/m/07s04w4"
m-gf4eHrdUA, 30, 40, "/m/07s04w4,/m/09x0r"
m3YSprbedKU, 0, 7, "/m/02_nn,/m/07s04w4,/m/09x0r"
m3wSKGh4LkQ, 2, 12, "/m/07s04w4,/m/09x0r"
m78FLtzht9Y, 90, 100, "/m/01j3sz,/m/07rgt08,/m/07s04w4,/m/09x0r"
m7h_CjrzCPo, 30, 40, "/m/07s04w4"
m85-T4oTeMY, 530, 540, "/m/07rgt08,/m/07s04w4,/m/09x0r"
m8eCH6NQfvg, 260, 270, "/m/02zsn,/m/04rlf,/m/07s04w4,/m/09x0r"
mA-GwNj_K4E, 30, 40, "/m/07s04w4,/m/09x0r"
mAIdyQ9tZlI, 30, 40, "/m/02zsn,/m/05zppz,/m/07s04w4,/m/09x0r"
mE2Dq2VIPdM, 30, 40, "/m/07s04w4,/m/09x0r,/t/dd00126"
mIH0kc59j38, 0, 8, "/m/07s04w4,/m/09x0r"
mIWRagXwP3A, 80, 90, "/m/01j3sz,/m/04rlf,/m/07s04w4"
mJgULzfw0aU, 30, 40, "/m/07s04w4,/m/09x0r"
mKGBKWNPREY, 25, 35, "/m/04rlf,/m/07s04w4,/m/09x0r"
mQ-uESzIhyQ, 330, 340, "/m/07s04w4,/m/0ytgt"
mQCSrazk8sQ, 8, 18, "/m/07s04w4,/m/09x0r"
mSTHICFPkv8, 0, 10, "/m/07rgt08,/m/07s04w4,/m/09x0r"
mTdYythI2c0, 360, 370, "/m/015lz1,/m/04rlf,/m/07rgt08,/m/07s04w4,/m/09x0r,/m/0glt670"
mXv9IlVJhWk, 30, 40, "/m/07s04w4,/m/09x0r"
mYj40qRnYNc, 10, 20, "/m/07s04w4"
m_471m2Bzd8, 210, 220, "/m/07s04w4"
ma_mamqzSFg, 250, 260, "/m/07s04w4,/m/09x0r"
max8Mvityfk, 22, 32, "/m/04rlf,/m/07s04w4,/m/09x0r"
mdtrlaU3YCw, 30, 40, "/m/07rgt08,/m/07s04w4"
mhfbL1nF32g, 30, 40, "/m/07rgt08,/m/07s04w4"
mk5enioj5UE, 490, 500, "/m/01j3sz,/m/07s04w4,/m/09x0r"
mnhQUxUDYPc, 160, 170, "/m/01j3sz,/m/07s04w4,/m/09x0r"
mrLnNUCJ34A, 30, 40, "/m/07rgt08,/m/07s04w4,/m/09x0r"
mtQMdXpsUl4, 140, 150, "/m/01j3sz,/m/07s04w4,/t/dd00125"
muIVI9YjuQQ, 60, 70, "/m/07s04w4,/m/09x0r"
mvCfZSuVQHM, 150, 160, "/m/07s04w4"
mzOAE_FPqx0, 20, 30, "/m/07s04w4,/m/09x0r"
n03I8hW_mm0, 30, 40, "/m/01j3sz,/m/07s04w4,/m/07sq110"
n3B7NvogM48, 30, 40, "/m/07rgt08,/m/07s04w4,/m/09x0r"
n3g4dFAoE7A, 90, 100, "/m/07rgt08,/m/07s04w4,/m/09x0r"
n8vS-bCdpUo, 130, 140, "/m/07s04w4"
n9kyc2Axy40, 140, 150, "/m/04rlf,/m/07s04w4,/m/09x0r"
nB89E9gRPuQ, 30, 40, "/m/07s04w4,/m/09x0r"
nE629AF3DiY, 30, 40, "/m/07s04w4"
nLZ1uLuqsAc, 30, 40, "/m/07s04w4"
nMiiDhYpj3Q, 110, 120, "/m/01j3sz,/m/07s04w4"
nN-KXalbxOg, 60, 70, "/m/01j3sz,/m/07rgt08,/m/07s04w4,/m/09x0r,/m/0ytgt"
nOrpR5-fUK4, 10, 20, "/m/03qc9zr,/m/07s04w4,/m/09x0r"
nS7NrUa1dKw, 120, 130, "/m/07rgt08,/m/07s04w4,/m/09x0r"
nSs35KevXM4, 30, 40, "/m/07s04w4,/m/09x0r"
nTXXtuDGEp8, 30, 40, "/m/07s04w4,/m/09x0r"
nZHQkj1zlNc, 20, 30, "/m/07s04w4"
nctxpAp_WWY, 19, 29, "/m/07s04w4"
nf2xur-WAHc, 30, 40, "/m/0199g,/m/07s04w4,/m/07yv9,/m/09x0r"
ngePln8bl3c, 30, 40, "/m/07s04w4,/m/09x0r"
nhBOCaPnrE0, 30, 40, "/m/07rgt08,/m/07s04w4,/m/09x0r"
npnEsMbrCFs, 11, 21, "/m/07s04w4,/m/09x0r"
nuMRAAUq0wQ, 30, 40, "/m/04rlf,/m/07rgt08,/m/07s04w4,/m/09x0r"
nv1gmRZwiEo, 30, 40, "/m/07s04w4,/m/09x0r"
nvb0TLslHyM, 40, 50, "/m/04rlf,/m/07s04w4,/m/09x0r"
nyAv6fY4bn0, 0, 10, "/m/07s04w4,/m/09x0r"
nyl0dSjaJI4, 30, 40, "/m/07s04w4,/m/09x0r,/t/dd00125"
nz6PNmHT_p8, 10, 20, "/m/07s04w4"
o2LEfi6T9LE, 60, 70, "/m/05tny_,/m/068hy,/m/07s04w4,/m/09x0r,/m/0bt9lr,/m/0jbk"
o7w_ILRszQY, 30, 40, "/m/07rgt08,/m/07s04w4"
o83g8fG9zR0, 0, 10, "/m/04rlf,/m/07s04w4,/m/09x0r"
o9mdrTt1eCw, 30, 40, "/m/07s04w4,/m/09x0r"
oDlUsTIC0So, 30, 40, "/m/07rgt08,/m/07s04w4"
oG_QgFX67q4, 30, 40, "/m/01hsr_,/m/01j3sz,/m/07s04w4,/m/09x0r"
oI70SlTUFR0, 30, 40, "/m/04rlf,/m/07s04w4,/m/09x0r"
oLJsmTlESaI, 70, 80, "/m/07s04w4,/m/09x0r"
oMV1odjOtJs, 20, 30, "/m/02zsn,/m/04rlf,/m/07s04w4,/m/09x0r"
oN52fdEOQZg, 24, 34, "/m/07s04w4,/m/09x0r"
oS0tB_UcmXU, 0, 10, "/m/07s04w4"
oSUCIMc3Vp8, 30, 40, "/m/01j3sz,/m/07s04w4,/m/07sq110"
oYaZierQqn8, 30, 40, "/m/07s04w4,/m/09x0r"
oaGZA-kbhFE, 30, 40, "/m/04rlf,/m/07s04w4"
oaHYjjLXuEw, 30, 40, "/m/07s04w4,/m/09x0r"
ob_kHDG7gmo, 30, 40, "/m/04rlf,/m/07rgt08,/m/07s04w4,/m/09x0r"
objkcZFQ2vY, 30, 40, "/m/07s04w4,/m/09x0r"
ocxwcO50X4A, 30, 40, "/m/04rlf,/m/07s04w4"
of0OmQIVLHU, 15, 25, "/m/04rlf,/m/07s04w4,/m/09x0r"
of87imxFYe4, 30, 40, "/m/07rgt08,/m/07s04w4,/m/09x0r"
ogjG0tBmbbg, 0, 10, "/m/07s04w4,/m/09x0r,/t/dd00125"
okMg7axjBf0, 5, 15, "/m/07s04w4"
olXsjzz317U, 100, 110, "/m/07rgt08,/m/07s04w4,/m/09x0r"
olkiw43JFOw, 130, 140, "/m/01j3sz,/m/04rlf,/m/07rgt08,/m/07s04w4,/m/09x0r"
on4fKhL4lBA, 80, 90, "/m/01j3sz,/m/04rlf,/m/07s04w4,/m/07sq110"
onjtbBjIYEE, 23, 33, "/m/07s04w4"
orhuojOxQt8, 0, 8, "/m/07s04w4,/m/09x0r"
ovexaJA8euA, 130, 140, "/m/07s04w4,/m/09x0r"
ozDgnGmqUyc, 10, 20, "/m/01j3sz,/m/07rgt08,/m/07s04w4,/m/09x0r"
ozaa3VA4JfA, 7, 17, "/m/07s04w4"
p0spFPUQ6wI, 30, 40, "/m/07rgt08,/m/07s04w4,/m/09x0r"
p2W97pezUVA, 8, 18, "/m/07s04w4,/m/09x0r"
p4q35_9PJcQ, 30, 40, "/m/07s04w4,/m/09x0r"
p7WzaH5A6kk, 120, 130, "/m/04rlf,/m/07s04w4,/m/09x0r"
p8I_ZNe4-uA, 26, 36, "/m/07s04w4,/m/09x0r"
p95rtHcQ528, 30, 40, "/m/07rgt08,/m/07s04w4,/t/dd00001"
pAFLShxX98Q, 10, 20, "/m/01hsr_,/m/01j3sz,/m/07s04w4,/m/09x0r,/m/0ytgt"
pBFMlOQyXCg, 0, 10, "/m/01b_21,/m/07s04w4,/m/09x0r"
pE-5NT-QbL4, 30, 40, "/m/04rlf,/m/07s04w4"
pFn4OiBuifU, 140, 150, "/m/04rlf,/m/07s04w4,/m/09x0r"
pG-hjsSIh0U, 30, 40, "/m/04rlf,/m/07s04w4,/m/09x0r"
pGMQuhXaq_g, 40, 50, "/m/07s04w4,/m/09x0r,/t/dd00125"
pGUuHmT_h84, 13, 23, "/m/04rlf,/m/07s04w4,/m/09x0r"
pGxyBxAEo0o, 210, 220, "/m/07s04w4,/m/09x0r"
pIA8ExXOJ9k, 30, 40, "/m/01j3sz,/m/07s04w4,/m/09x0r"
pPwakW5Z6Ow, 10, 20, "/m/07s04w4,/m/09x0r"
pQ1VWF_iVFM, 30, 40, "/m/04rlf,/m/07s04w4"
pTCIpHeILlI, 30, 40, "/m/07s04w4"
pTPGsQ-zJxk, 10, 20, "/m/01j3sz,/m/07s04w4,/m/09x0r"
pTUuSPGYq6Q, 30, 40, "/m/07s04w4"
pbVghRdZCxY, 5, 15, "/m/07rgt08,/m/07s04w4,/m/09x0r"
phBEHeaSVkg, 110, 120, "/m/015lz1,/m/04rlf,/m/07s04w4,/m/09x0r"
pjmyCtmUHU8, 30, 40, "/m/04rlf,/m/07s04w4,/m/09x0r"
plgXNiPtk-A, 14, 24, "/m/07s04w4,/m/09x0r"
pmuWbFJcca0, 60, 70, "/m/04rlf,/m/07s04w4"
pvh54qUED7o, 130, 140, "/m/07s04w4,/m/09x0r"
pvlJc62jW38, 30, 40, "/m/01j3sz,/m/07r660_,/m/07s04w4"
pybpK4api6U, 30, 40, "/m/07s04w4,/m/09x0r"
q-hWym5c6_I, 280, 290, "/m/04rlf,/m/07s04w4"
q-oiaMGNHk0, 180, 190, "/m/03qc9zr,/m/07ryjzk,/m/07s04w4,/m/09x0r"
q4lRBesW2z4, 30, 40, "/m/07s04w4,/m/09x0r"
q611KLmv118, 140, 150, "/m/01j3sz,/m/04rlf,/m/07s04w4,/m/09x0r"
q7SJIUx4X0A, 10, 20, "/m/07s04w4"
q8e4O0RJWCs, 260, 270, "/m/06bz3,/m/07s04w4,/m/09x0r"
q9MmSFZ0qSw, 30, 40, "/m/07s04w4,/m/09x0r"
qCuk_EIYU-M, 30, 40, "/m/07s04w4"
qCyr4M8sNoY, 15, 25, "/m/07s04w4,/m/09x0r"
qEyj_sa426I, 0, 6, "/m/07s04w4"
qFci-Pbm3sE, 250, 260, "/m/01j3sz,/m/07s04w4,/m/09x0r"
qIIUZUHMpao, 30, 40, "/m/07rgt08,/m/07s04w4,/t/dd00001"
qKJNKr7rXWk, 30, 40, "/m/07rgt08,/m/07s04w4"
qLaIPUDCOSI, 30, 40, "/m/07s04w4,/m/09x0r"
qRyGGB1k5Ds, 30, 40, "/m/07rgt08,/m/07s04w4"
qTu6bhYUe5E, 3, 13, "/m/07rgt08,/m/07s04w4"
qVzsd2yT5r4, 30, 40, "/m/07s04w4,/m/09x0r"
qbuupzg7-zc, 30, 40, "/m/07s04w4,/m/09x0r"
qcLDrc3gZEk, 11, 21, "/m/07rgt08,/m/07s04w4,/m/09x0r"
qiCQlMSpjxw, 70, 80, "/m/07s04w4,/m/09x0r"
qil2riPbM_k, 8, 18, "/m/07s04w4,/t/dd00001"
qjD9cE9hE5Y, 30, 40, "/m/07rgt08,/m/07s04w4,/m/09x0r"
qkZbN1nezLk, 30, 40, "/m/04rlf,/m/07s04w4,/m/09x0r"
qkb_Lhe_yGY, 150, 160, "/m/07s04w4,/m/09x0r,/t/dd00125"
qmiJxajaB5s, 0, 10, "/m/07s04w4"
qpwjPJT6QH4, 30, 40, "/m/04rlf,/m/07rgt08,/m/07s04w4,/m/09x0r"
qrC5fHvEY9M, 10, 20, "/m/07s04w4,/m/09x0r"
qumBO9GkIzM, 10, 20, "/g/122z_qxw,/m/07s04w4,/m/09x0r"
qvAN9Kiy2pA, 30, 40, "/m/04rlf,/m/07s04w4,/m/09x0r"
qvIDY9ZvSZQ, 150, 160, "/m/07s04w4"
qyfg8KN8hDg, 30, 40, "/m/07rgt08,/m/07s04w4,/m/09x0r"
qziilksP1k4, 300, 310, "/m/04rlf,/m/07s04w4,/m/09x0r"
r6hA0ZG76_4, 330, 340, "/m/01j3sz,/m/07rgt08,/m/07s04w4,/m/09x0r"
r941pskI2eQ, 30, 40, "/m/01j3sz,/m/07s04w4,/m/09x0r"
r9earOROw0I, 0, 10, "/m/07s04w4"
rGzBjASsYNY, 0, 10, "/m/04rlf,/m/07rgt08,/m/07s04w4,/m/09x0r"
rJfsmZx-UVA, 30, 40, "/m/07s04w4,/m/09x0r"
rK0lC5jdkxM, 80, 90, "/m/07s04w4,/m/09x0r"
rLc1rfbanZo, 30, 40, "/m/04rlf,/m/07s04w4,/m/09x0r"
rMt0761Utnc, 40, 50, "/m/015lz1,/m/04rlf,/m/064t9,/m/07s04w4,/m/09x0r"
rN5KQB8FSSw, 30, 40, "/m/04rlf,/m/07s04w4"
rObb2DPWzyw, 30, 40, "/m/07s04w4,/m/09x0r,/t/dd00126"
rPvvKOlsVjY, 50, 60, "/m/07s04w4,/m/09x0r"
rQthEYYXM-k, 30, 40, "/m/07rgt08,/m/07s04w4"
rUz_kN1S0DY, 190, 200, "/m/04rlf,/m/07s04w4,/m/09x0r"
rV4fYrC0qtY, 13, 23, "/m/07s04w4"
ral3peLS0o8, 0, 10, "/m/07s04w4"
rbM_R9vkEr4, 440, 450, "/m/07s04w4,/m/09x0r"
rg8nrtY4SQs, 160, 170, "/m/01j3sz,/m/04rlf,/m/07s04w4,/m/09x0r"
rhmx99qAA74, 230, 240, "/m/04rlf,/m/07rgt08,/m/07s04w4,/m/09x0r"
riyRxlKdMiA, 30, 40, "/m/07s04w4,/m/09x0r"
rrI54RYlEMY, 0, 8, "/m/04rlf,/m/07s04w4"
rrcQOJ1vTSI, 30, 40, "/m/07s04w4"
rs2FL8HJfGE, 30, 40, "/m/07s04w4,/m/09x0r"
rzS8JUxpooI, 30, 40, "/m/07s04w4"
s9QhUYiXu9I, 30, 40, "/m/07s04w4,/m/09x0r,/t/dd00001"
sASAhNYH4zA, 30, 40, "/m/07s04w4"
sAbj_HAjsec, 70, 80, "/m/01j3sz,/m/07s04w4,/m/09x0r"
sAgzzFUb7II, 450, 460, "/m/07s04w4,/m/09x0r"
sCgEKdyVKeE, 30, 40, "/m/07s04w4,/m/09x0r"
sG75_ht1IWE, 30, 40, "/m/07s04w4,/m/09x0r"
sHpYB4SqQWI, 90, 100, "/m/07s04w4,/m/09x0r,/m/0ytgt"
sIumcUApZN0, 30, 40, "/m/07rgt08,/m/07s04w4"
sKVucv-aHOI, 30, 40, "/m/07s04w4"
sL2w2_q1X1s, 30, 40, "/m/07s04w4"
sLg5bDLgs-E, 30, 40, "/m/07rgt08,/m/07s04w4,/m/09x0r"
sRE8gElyftc, 10, 20, "/m/01j3sz,/m/07s04w4,/m/09x0r"
sZRik7ic4kM, 20, 30, "/m/02_nn,/m/07s04w4,/m/09x0r"
sbFLGn8XuBg, 140, 150, "/m/04rlf,/m/07s04w4,/m/09x0r"
sbKjN6grfwM, 20, 30, "/m/07s04w4,/m/09x0r"
sdX3dnphqms, 30, 40, "/m/07rgt08,/m/07s04w4"
sdn1bcQB5iA, 30, 40, "/m/07s04w4,/m/09x0r"
sethfwbAYDU, 30, 40, "/m/04rlf,/m/07s04w4,/m/09x0r"
skTjGgCiWkA, 180, 190, "/m/07s04w4,/m/09x0r"
sl1MkTiYIWM, 18, 28, "/m/04rlf,/m/07rgt08,/m/07s04w4,/m/09x0r"
stEsCkzBNDo, 30, 40, "/m/04rlf,/m/07s04w4"
svFzAtWJ3UU, 30, 40, "/m/04rlf,/m/07s04w4,/m/09x0r"
sw1_PQt-3fE, 20, 30, "/m/07rgt08,/m/07s04w4,/m/09x0r"
sz3SzVB2tFw, 20, 30, "/m/07rgt08,/m/07s04w4,/m/09x0r"
szjqrQPnEAU, 160, 170, "/m/07s04w4,/m/09x0r"
szqIYY6VCeo, 420, 430, "/m/01j3sz,/m/07s04w4,/m/09x0r"
t382NjJlFBI, 6, 16, "/m/07s04w4,/m/09x0r"
t4kwYhdD79o, 30, 40, "/m/04rlf,/m/07s04w4"
t6HoUi9LYt0, 400, 410, "/m/01j3sz,/m/07s04w4,/m/09x0r"
t7TzRna5fS4, 30, 40, "/m/01j3sz,/m/07rgt08,/m/07s04w4,/m/09x0r"
t8etu3o7kq8, 30, 40, "/m/07rgt08,/m/07s04w4,/m/09x0r"
t8nSasaYljc, 60, 70, "/m/07rgt08,/m/07s04w4,/m/09x0r"
tCm7X2c99Zo, 40, 50, "/m/07s04w4"
tDW9ogoj8_E, 30, 40, "/m/04rlf,/m/07rgt08,/m/07s04w4,/m/09x0r"
tGDTT_arhbU, 20, 30, "/m/07s04w4,/m/09x0r"
tKT0KSGM6To, 510, 520, "/m/04rlf,/m/07s04w4,/m/09x0r"
tP3YO6yp6n4, 150, 160, "/m/07s04w4,/m/09x0r,/t/dd00125"
tT-GpykWt88, 30, 40, "/m/07rgt08,/m/07s04w4,/m/09x0r"
tTIn3zDvELo, 30, 40, "/m/07rgt08,/m/07s04w4,/m/09x0r"
tUlrnEc-d2w, 30, 40, "/m/07s04w4,/m/09x0r"
tXsDL6DpBYM, 30, 40, "/m/028ght,/m/07rgt08,/m/07s04w4,/m/09x0r"
tYvbHZCklXM, 0, 10, "/m/015p6,/m/01j3sz,/m/07s04w4,/m/09b5t,/m/09x0r"
tp9Ra5CTifw, 40, 50, "/m/01j3sz,/m/04rlf,/m/07rgt08,/m/07s04w4"
tqWABeEX7Bg, 7, 17, "/m/07rgt08,/m/07s04w4,/m/09x0r"
tqbxcSnQe2c, 70, 80, "/m/07rgt08,/m/07s04w4,/m/09x0r"
tt3PN0HQMNs, 0, 10, "/m/07s04w4"
twLTok9Q3ZM, 30, 40, "/m/07rgt08,/m/07s04w4"
twSh4swJ3UM, 29, 39, "/m/07s04w4"
tw_mK9pq6xg, 50, 60, "/m/068hy,/m/07s04w4,/m/0jbk"
txBNugcB2uQ, 30, 40, "/m/07s04w4,/m/09x0r"
tylnXuFNMfo, 0, 10, "/m/07s04w4"
tyz_Pk3b7gg, 30, 40, "/m/07rgt08,/m/07s04w4,/m/09x0r"
tzIBP9gmiqo, 10, 20, "/m/03fwl,/m/068hy,/m/07s04w4,/m/09x0r,/m/0jbk,/t/dd00125"
u1JtjpxClyM, 30, 40, "/m/04rlf,/m/07s04w4"
u1ZmZLDCsMk, 30, 40, "/m/07s04w4,/m/09x0r,/m/0jbk"
u36F19UISME, 310, 320, "/m/01j3sz,/m/07s04w4,/m/09x0r"
u6UvAmkyBbo, 90, 100, "/m/07s04w4,/m/09x0r"
uAzg4PDcyyE, 30, 40, "/m/07rgt08,/m/07s04w4,/m/09x0r"
uBct0hSBeto, 20, 30, "/m/07s04w4,/m/09x0r"
uGLPf6-_3FE, 20, 30, "/m/07s04w4,/m/09x0r"
uIhCgzZzndE, 30, 40, "/m/07rgt08,/m/07s04w4,/m/09x0r"
uMx0Y2B1xto, 29, 39, "/m/07s04w4,/m/09x0r"
uQZPDu5Y0RQ, 30, 40, "/m/07rgt08,/m/07s04w4,/m/09x0r"
uQxoth_kdJQ, 30, 40, "/m/07s04w4,/m/09x0r"
uR_avhFBd5U, 30, 40, "/m/07s04w4,/m/09x0r,/t/dd00128"
uSCALDGcV-c, 220, 230, "/m/07s04w4"
uSO9jhAPj70, 0, 4, "/m/07s04w4"
uUN4XpIpSOs, 100, 110, "/m/07s04w4,/m/09x0r"
uVfX89PbA7s, 30, 40, "/m/04rlf,/m/07s04w4,/m/09x0r"
uYwa1VgETJQ, 460, 470, "/m/02zsn,/m/04rlf,/m/07s04w4,/m/09x0r"
u_D4OMKaAPQ, 60, 70, "/m/03fwl,/m/07s04w4,/m/0jbk"
uaBqtxL3iB4, 20, 30, "/m/07s04w4,/m/0838f,/m/09x0r"
unGQllAQD44, 30, 40, "/m/04rlf,/m/07rgt08,/m/07s04w4,/m/09x0r"
uoUm7vvZuBk, 30, 40, "/m/07s04w4,/m/09x0r"
upSEMWlVLqY, 50, 60, "/m/07rgt08,/m/07s04w4,/m/09x0r,/m/0ytgt"
utHFmVL5fH0, 30, 40, "/m/07rgt08,/m/07s04w4"
uu50XVcVmdc, 0, 10, "/m/07rgt08,/m/07s04w4,/m/09x0r"
uw4OpFdZD1U, 30, 40, "/m/07s04w4,/m/09x0r"
uz5-SXO8vPY, 120, 130, "/m/07s04w4,/m/09x0r"
v-5UTX5GONI, 90, 100, "/m/02p3nc,/m/07s04w4"
v32w43qhI-g, 160, 170, "/m/07s04w4,/m/09x0r"
v33mMvtRB6Q, 40, 50, "/m/07s04w4"
v4lltjPS19o, 40, 50, "/m/03qc9zr,/m/07r660_,/m/07s04w4,/m/09x0r"
vC9Pfng0hIw, 260, 270, "/m/07rgt08,/m/07s04w4,/m/09x0r"
vEYZmFMpfE0, 100, 110, "/m/01j3sz,/m/07s04w4,/m/09x0r"
vFlJzIeTPrs, 350, 360, "/m/07rgt08,/m/07s04w4,/m/09x0r,/m/0ytgt"
vGxupaVrj0Y, 0, 10, "/m/04rlf,/m/07s04w4,/m/09x0r"
vI1CLG1bUuY, 11, 21, "/m/07s04w4,/t/dd00001"
vJjLyx_WXSY, 30, 40, "/m/07s04w4,/m/09x0r"
vNuO2muCeNo, 0, 10, "/m/01j3sz,/m/07r660_,/m/07s04w4,/m/09x0r"
vUAnV9AYHQs, 100, 110, "/m/07s04w4,/m/09x0r"
vUbhZWDBy1k, 30, 40, "/m/07s04w4"
vbAuLpdW114, 15, 25, "/m/07s04w4,/m/09x0r"
vc_aG1J_DTY, 130, 140, "/m/01j3sz,/m/07s04w4,/m/09x0r"
vfbSY3qblWY, 15, 25, "/m/07s04w4"
vrYU3j9CDDk, 80, 90, "/m/07s04w4,/m/09x0r,/t/dd00125"
vyL9sHZAxKU, 110, 120, "/m/07rgt08,/m/07s04w4,/m/09x0r"
w055T6z_l4g, 570, 580, "/m/01j3sz,/m/07s04w4,/m/09x0r"
w0KQDgPj8BE, 100, 110, "/m/07s04w4,/m/09x0r"
w1y9WTzkum8, 30, 40, "/m/04rlf,/m/07s04w4"
w2R_J9zSX1U, 110, 120, "/m/07r660_,/m/07rgt08,/m/07s04w4,/m/07sq110,/m/09x0r"
w2Y3JP3kofU, 470, 480, "/m/07s04w4,/m/09x0r"
w4Pukcx78v4, 30, 40, "/m/04rlf,/m/07s04w4"
w7phm7OJR0o, 40, 50, "/m/01j3sz,/m/068hy,/m/07rgt08,/m/07s04w4,/m/09x0r,/m/0bt9lr,/m/0jbk"
wFkbifG7Jto, 14, 24, "/m/07s04w4,/m/09x0r"
wGGMxkcvqw4, 30, 40, "/m/07s04w4,/m/09x0r"
wGa7T-bIwgQ, 30, 40, "/m/01j3sz,/m/07s04w4,/m/09x0r"
wJ6L-L_zCRE, 60, 70, "/m/01j3sz,/m/07rgt08,/m/07s04w4,/m/09x0r"
wJu87Tvz0eU, 100, 110, "/m/01j3sz,/m/07s04w4,/m/09x0r"
wMwyLhoeiqU, 30, 40, "/m/01j3sz,/m/07rgt08,/m/07s04w4,/m/07sq110"
wQiQ2wovE4w, 20, 30, "/m/07s04w4,/m/09x0r"
wVNJSvcTRGM, 30, 40, "/m/04rlf,/m/07rgt08,/m/07s04w4,/t/dd00001"
wYCrIwkFkOA, 80, 90, "/m/01j3sz,/m/07s04w4,/m/09x0r,/m/0ytgt"
waRWXg1mGt4, 30, 40, "/m/07s04w4"
wbFroZEQ-PU, 260, 270, "/m/07s04w4,/m/09x0r"
wnXVN7IyGhI, 30, 40, "/m/07s04w4"
wo4YBRR7Th8, 27, 37, "/m/07s04w4"
wsOdk-d1GOg, 30, 40, "/m/04rlf,/m/07rgt08,/m/07s04w4"
wwPZynzuq_8, 40, 50, "/m/01j3sz,/m/068hy,/m/07rgt08,/m/07s04w4,/m/09x0r,/m/0bt9lr,/m/0jbk"
x0nBdLQlZoE, 0, 10, "/m/07s04w4"
x2nbTtb8VNA, 30, 40, "/m/04rlf,/m/07rgt08,/m/07s04w4"
x2qZ2RXzi18, 100, 110, "/m/07s04w4,/m/09x0r,/m/0ytgt"
x3mI2f1xMFs, 20, 30, "/m/01j3sz,/m/0261r1,/m/07r660_,/m/07s04w4,/m/07sq110"
x6zRALbGrwI, 7, 17, "/m/07s04w4"
x7CQDSJIZV8, 0, 4, "/m/07s04w4,/m/09x0r"
xBjb5VwIo-I, 30, 40, "/m/07s04w4"
xCwVaNdA9os, 10, 20, "/m/01j3sz,/m/07s04w4,/m/09x0r"
xH841fo3WMI, 40, 50, "/m/01j3sz,/m/07s04w4,/m/09x0r"
xI4Iw91evbA, 530, 540, "/m/07s04w4,/m/09x0r"
xMdNmbkfew0, 70, 80, "/m/01j3sz,/m/07s04w4,/m/09x0r,/t/dd00125"
xO-v_E98u1w, 14, 24, "/m/07s04w4,/m/09x0r"
xQxL_O6IMX0, 30, 40, "/m/07s04w4,/m/09x0r"
xRCQuuTRDqA, 280, 290, "/m/01h8n0,/m/07rgt08,/m/07s04w4,/m/09x0r"
xRbY-uJKdx0, 8, 18, "/m/07s04w4"
xVEBVlPx7jo, 30, 40, "/m/07rgt08,/m/07s04w4,/m/09x0r"
xXX4Pv6fM2c, 360, 370, "/m/07s04w4,/m/09x0r"
xaw1vXlJ5YU, 510, 520, "/m/07s04w4,/m/09x0r"
xlLsKFfgpO4, 370, 380, "/m/07rgt08,/m/07s04w4,/m/09x0r"
xotCDoHd2EU, 30, 40, "/m/07s04w4,/m/09x0r,/t/dd00001"
xp4I_mj9ozY, 190, 200, "/m/01j3sz,/m/07s04w4,/m/09x0r"
xqshslbezcc, 430, 440, "/m/07s04w4,/m/09x0r,/m/0ytgt"
xs02FPAxA5A, 40, 50, "/m/07s04w4,/m/09x0r,/t/dd00126"
xtjhwaabJf0, 120, 130, "/m/01j3sz,/m/07s04w4,/m/09x0r"
xuz5E7CxSKs, 420, 430, "/m/07s04w4,/m/09x0r"
xwdanunAmY8, 10, 20, "/m/01j3sz,/m/07rgt08,/m/07s04w4,/m/09x0r"
xwoTcwpQ1N8, 290, 300, "/m/01j3sz,/m/07s04w4,/m/07sq110,/m/09x0r,/t/dd00001"
xx9tmq1veog, 30, 40, "/m/07s04w4,/m/09x0r"
xybUyYKypzw, 10, 20, "/m/01j3sz,/m/02_nn,/m/07s04w4,/m/09x0r"
y0QjRqOleKA, 30, 40, "/m/07s04w4,/m/09x0r"
y3zRlU6RnHE, 30, 40, "/m/01j3sz,/m/07s04w4,/m/09x0r"
y4AGMAQAJxY, 30, 40, "/m/07s04w4,/m/09x0r,/m/0bt9lr,/m/0jbk"
y8EkX_zAqbI, 30, 40, "/m/07s04w4,/m/09x0r"
y8WZHaNzyxg, 30, 40, "/m/07rgt08,/m/07s04w4,/m/09x0r"
yE7CoPT-1UU, 360, 370, "/m/01j3sz,/m/07rgt08,/m/07s04w4,/m/09x0r"
yEKXS2pr8tQ, 30, 40, "/m/07s04w4,/m/09x0r"
yMHi4WxNK7g, 30, 40, "/m/07rgt08,/m/07s04w4,/m/09x0r"
yQ35J3msQO4, 100, 110, "/m/01j3sz,/m/07rgt08,/m/07s04w4,/m/09x0r"
yQIOMKrO6Vw, 170, 180, "/m/028v0c,/m/07s04w4"
yVhM7hNMa9U, 30, 40, "/m/07s04w4"
yWOWGyCMwfw, 90, 100, "/m/07s04w4,/m/09x0r"
ybCqofNlutI, 30, 40, "/m/07s04w4,/m/09x0r"
yfLOtSj86mc, 30, 40, "/m/07s04w4"
yhJl8f8psug, 30, 40, "/m/07s04w4,/m/09x0r"
yie0jZS24zU, 180, 190, "/m/01j3sz,/m/04rlf,/m/07s04w4"
yj3Hl2zDzZA, 30, 40, "/m/07s04w4,/m/09x0r"
yjC1NjjJzyc, 30, 40, "/m/07s04w4,/m/09x0r"
ykwoaz4fxOg, 70, 80, "/m/07s04w4,/m/09x0r"
yo4zgGHIhOc, 30, 40, "/m/04rlf,/m/07rgt08,/m/07s04w4,/m/09x0r"
yomSc8gxbSc, 20, 30, "/m/01j3sz,/m/02_nn,/m/07s04w4"
yqRtr3_4Rzs, 30, 40, "/m/07s04w4,/m/09x0r"
ytK5ONSpYLQ, 150, 160, "/m/04rlf,/m/07rgt08,/m/07s04w4,/m/09x0r"
yxZMpDA2U5I, 20, 30, "/m/01j3sz,/m/07s04w4,/m/09x0r"
yyabtCZB0Ns, 30, 40, "/m/04rlf,/m/07s04w4"
zFx-7l_jUPs, 560, 570, "/m/04rlf,/m/07rgt08,/m/07s04w4,/m/09x0r"
zGJfWdrEFrw, 30, 40, "/m/07s04w4,/m/09x0r,/t/dd00125"
zMBQ6y2IDX4, 350, 360, "/m/07s04w4,/m/09x0r"
zN4FK5wibBo, 15, 25, "/m/07s04w4"
zRfSTip3Bhg, 0, 5, "/m/07s04w4"
zUSaJSpye3Y, 20, 30, "/m/07s04w4,/m/09x0r"
zUyqDxa2k3w, 0, 10, "/m/01j3sz,/m/07s04w4,/m/09x0r"
zX0OMIdZERU, 30, 40, "/m/01jwx6,/m/07rgt08,/m/07s04w4,/m/09x0r,/m/0ytgt"
zZGZwDOL-eY, 0, 10, "/m/01j3sz,/m/07rgt08,/m/07s04w4,/m/09x0r"
zcTv2gYvf74, 0, 10, "/m/01j3sz,/m/07s04w4,/m/09x0r"
zdu74tPd2Wc, 30, 40, "/m/02p3nc,/m/07rgt08,/m/07s04w4,/m/09x0r"
zor10YLA_d4, 40, 50, "/m/04rlf,/m/07rgt08,/m/07s04w4,/m/09x0r"
zs_fa4ogMFk, 490, 500, "/m/07s04w4,/m/09x0r"
zsa1Ex0oLSQ, 30, 40, "/m/07s04w4,/m/09x0r"
zvA3cIrp0ns, 30, 40, "/m/07s04w4,/m/09x0r"
zzXc9Uu7lRE, 4, 14, "/m/07rgt08,/m/07s04w4,/m/09x0r"
